Theme,Subtheme,Keyword,Emotion
Mental Health,Depression,depressed,"sadness, nervousness, grief, disgust"
Mental Health,Depression,hopeless,"sadness, nervousness, grief, disgust"
Mental Health,Depression,numb,"sadness, nervousness, grief, disgust"
Mental Health,Depression,sadness,"sadness, nervousness, grief, disgust"
Mental Health,Depression,worthless,"sadness, nervousness, grief, disgust"
Mental Health,Depression,empty,"sadness, nervousness, grief, disgust"
Mental Health,Depression,low mood,"sadness, nervousness, grief, disgust"
Mental Health,Depression,crying,"sadness, nervousness, grief, disgust"
Mental Health,Depression,down,"sadness, nervousness, grief, disgust"
Mental Health,Depression,despair,"sadness, nervousness, grief, disgust"
Mental Health,Depression,lonely,"sadness, nervousness, grief, disgust"
Mental Health,Depression,fatigued,"sadness, nervousness, grief, disgust"
Mental Health,Depression,can't get out of bed,"sadness, nervousness, grief, disgust"
Mental Health,Depression,lost interest,"sadness, nervousness, grief, disgust"
Mental Health,Depression,no motivation,"sadness, nervousness, grief, disgust"
Mental Health,Depression,lifeless,"sadness, nervousness, grief, disgust"
Mental Health,Depression,gloomy,"sadness, nervousness, grief, disgust"
Mental Health,Depression,broken,"sadness, nervousness, grief, disgust"
Mental Health,Depression,isolated,"sadness, nervousness, grief, disgust"
Mental Health,Depression,tearful,"sadness, nervousness, grief, disgust"
Mental Health,Depression,heavy heart,"sadness, nervousness, grief, disgust"
Mental Health,Depression,feeling dead inside,"sadness, nervousness, grief, disgust"
Mental Health,Depression,dark thoughts,"sadness, nervousness, grief, disgust"
Mental Health,Depression,no energy,"sadness, nervousness, grief, disgust"
Mental Health,Depression,giving up,"sadness, nervousness, grief, disgust"
Mental Health,Depression,self-loathing,"sadness, nervousness, grief, disgust"
Mental Health,Depression,feeling like a burden,"sadness, nervousness, grief, disgust"
Mental Health,Depression,nothing matters,"sadness, nervousness, grief, disgust"
Mental Health,Depression,emptiness inside,"sadness, nervousness, grief, disgust"
Mental Health,Depression,losing the spark,"sadness, nervousness, grief, disgust"
Mental Health,Depression,losing spark,"sadness, nervousness, grief, disgust"
Mental Health,Anxiety,anxious,"nervousness, sadness, fear, anger"
Mental Health,Anxiety,panic,"nervousness, sadness, fear, anger"
Mental Health,Anxiety,nervous,"nervousness, sadness, fear, anger"
Mental Health,Anxiety,overthinking,"nervousness, sadness, fear, anger"
Mental Health,Anxiety,worry,"nervousness, sadness, fear, anger"
Mental Health,Anxiety,stress,"nervousness, sadness, fear, anger"
Mental Health,Anxiety,tense,"nervousness, sadness, fear, anger"
Mental Health,Anxiety,racing heart,"nervousness, sadness, fear, anger"
Mental Health,Anxiety,restless,"nervousness, sadness, fear, anger"
Mental Health,Anxiety,fear,"nervousness, sadness, fear, anger"
Mental Health,Anxiety,panic attack,"nervousness, sadness, fear, anger"
Mental Health,Anxiety,anxiety attack,"nervousness, sadness, fear, anger"
Mental Health,Anxiety,unease,"nervousness, sadness, fear, anger"
Mental Health,Anxiety,dread,"nervousness, sadness, fear, anger"
Mental Health,Anxiety,butterflies,"nervousness, sadness, fear, anger"
Mental Health,Anxiety,shortness of breath,"nervousness, sadness, fear, anger"
Mental Health,Anxiety,trembling,"nervousness, sadness, fear, anger"
Mental Health,Anxiety,fidgeting,"nervousness, sadness, fear, anger"
Mental Health,Anxiety,sweaty palms,"nervousness, sadness, fear, anger"
Mental Health,Anxiety,fear of failure,"nervousness, sadness, fear, anger"
Mental Health,Anxiety,overwhelmed by thoughts,"nervousness, sadness, fear, anger"
Mental Health,Anxiety,insomnia,"nervousness, sadness, fear, anger"
Mental Health,Anxiety,on edge,"nervousness, sadness, fear, anger"
Mental Health,Anxiety,intrusive thoughts,"nervousness, sadness, fear, anger"
Mental Health,Anxiety,catastrophizing,"nervousness, sadness, fear, anger"
Mental Health,Anxiety,fear of judgment,"nervousness, sadness, fear, anger"
Mental Health,Anxiety,can't relax,"nervousness, sadness, fear, anger"
Mental Health,Anxiety,hyperventilating,"nervousness, sadness, fear, anger"
Mental Health,Relief,calm,"relief, gratitude, optimism"
Mental Health,Relief,at ease,"relief, gratitude, optimism"
Mental Health,Relief,lighter,"relief, gratitude, optimism"
Mental Health,Relief,free,"relief, gratitude, optimism"
Mental Health,Relief,relieved,"relief, gratitude, optimism"
Mental Health,Relief,peace of mind,"relief, gratitude, optimism"
Mental Health,Relief,release,"relief, gratitude, optimism"
Mental Health,Relief,exhale,"relief, gratitude, optimism"
Mental Health,Relief,weight lifted,"relief, gratitude, optimism"
Mental Health,Relief,finally okay,"relief, gratitude, optimism"
Mental Health,Relief,tranquility,"relief, gratitude, optimism"
Mental Health,Relief,serene,"relief, gratitude, optimism"
Mental Health,Relief,comforted,"relief, gratitude, optimism"
Mental Health,Relief,safe again,"relief, gratitude, optimism"
Mental Health,Relief,no more pressure,"relief, gratitude, optimism"
Mental Health,Relief,grateful it's over,"relief, gratitude, optimism"
Mental Health,Relief,feeling better,"relief, gratitude, optimism"
Mental Health,Relief,unburdened,"relief, gratitude, optimism"
Mental Health,Relief,peaceful,"relief, gratitude, optimism"
Mental Health,Relief,relaxed,"relief, gratitude, optimism"
Mental Health,Relief,letting go,"relief, gratitude, optimism"
Mental Health,Relief,closure,"relief, gratitude, optimism"
Mental Health,Relief,found peace,"relief, gratitude, optimism"
Mental Health,Resilience,strong,"love, pride, relief, optimism"
Mental Health,Resilience,overcame,"love, pride, relief, optimism"
Mental Health,Resilience,bounced back,"love, pride, relief, optimism"
Mental Health,Resilience,coping,"love, pride, relief, optimism"
Mental Health,Resilience,persistence,"love, pride, relief, optimism"
Mental Health,Resilience,endurance,"love, pride, relief, optimism"
Mental Health,Resilience,inner strength,"love, pride, relief, optimism"
Mental Health,Resilience,determination,"love, pride, relief, optimism"
Mental Health,Resilience,never gave up,"love, pride, relief, optimism"
Mental Health,Resilience,pushing through,"love, pride, relief, optimism"
Mental Health,Resilience,healing,"love, pride, relief, optimism"
Mental Health,Resilience,growing,"love, pride, relief, optimism"
Mental Health,Resilience,survived,"love, pride, relief, optimism"
Mental Health,Resilience,adapting,"love, pride, relief, optimism"
Mental Health,Resilience,courage,"love, pride, relief, optimism"
Mental Health,Resilience,self-belief,"love, pride, relief, optimism"
Mental Health,Resilience,standing tall,"love, pride, relief, optimism"
Mental Health,Resilience,learned from it,"love, pride, relief, optimism"
Mental Health,Resilience,emotional strength,"love, pride, relief, optimism"
Mental Health,Resilience,grit,"love, pride, relief, optimism"
Mental Health,Resilience,perseverance,"love, pride, relief, optimism"
Mental Health,Resilience,staying hopeful,"love, pride, relief, optimism"
Mental Health,Resilience,rebuilding,"love, pride, relief, optimism"
Mental Health,Resilience,rising again,"love, pride, relief, optimism"
Mental Health,Resilience,heal,"love, pride, relief, optimism"
Mental Health,Stress,overwhelmed,"nervousness, anger, annoyance, fear"
Mental Health,Stress,pressure,"nervousness, anger, annoyance, fear"
Mental Health,Stress,tension,"nervousness, anger, annoyance, fear"
Mental Health,Stress,burnout,"nervousness, anger, annoyance, fear"
Mental Health,Stress,exhausted,"nervousness, anger, annoyance, fear"
Mental Health,Stress,under pressure,"nervousness, anger, annoyance, fear"
Mental Health,Stress,heavy workload,"nervousness, anger, annoyance, fear"
Mental Health,Stress,stress,"nervousness, anger, annoyance, fear"
Mental Health,Stress,losing my mind,"nervousness, anger, annoyance, fear"
Mental Health,Stress,can't handle it,"nervousness, anger, annoyance, fear"
Mental Health,Stress,tight schedule,"nervousness, anger, annoyance, fear"
Mental Health,Stress,mental strain,"nervousness, anger, annoyance, fear"
Mental Health,Stress,work overload,"nervousness, anger, annoyance, fear"
Mental Health,Stress,deadline anxiety,"nervousness, anger, annoyance, fear"
Mental Health,Stress,frustration,"nervousness, anger, annoyance, fear"
Mental Health,Stress,fatigue,"nervousness, anger, annoyance, fear"
Mental Health,Stress,snapping easily,"nervousness, anger, annoyance, fear"
Mental Health,Stress,emotionally drained,"nervousness, anger, annoyance, fear"
Mental Health,Stress,overworked,"nervousness, anger, annoyance, fear"
Mental Health,Stress,restless nights,"nervousness, anger, annoyance, fear"
Mental Health,Stress,too much going on,"nervousness, anger, annoyance, fear"
Mental Health,Stress,feeling stuck,"nervousness, anger, annoyance, fear"
Mental Health,Stress,tense muscles,"nervousness, anger, annoyance, fear"
Mental Health,Stress,drained energy,"nervousness, anger, annoyance, fear"
Mental Health,Burnout,drained,"sadness, annoyance, neutral"
Mental Health,Burnout,emotionally tired,"sadness, annoyance, neutral"
Mental Health,Burnout,can't focus,"sadness, annoyance, neutral"
Mental Health,Burnout,exhausted from work,"sadness, annoyance, neutral"
Mental Health,Burnout,exhausted from school,"sadness, annoyance, neutral"
Mental Health,Burnout,detached,"sadness, annoyance, neutral"
Mental Health,Burnout,no motivation left,"sadness, annoyance, neutral"
Mental Health,Burnout,running on empty,"sadness, annoyance, neutral"
Mental Health,Burnout,mentally done,"sadness, annoyance, neutral"
Mental Health,Burnout,numb from exhaustion,"sadness, annoyance, neutral"
Mental Health,Burnout,overworked,"sadness, annoyance, neutral"
Mental Health,Burnout,sleep deprived,"sadness, annoyance, neutral"
Mental Health,Burnout,brain fog,"sadness, annoyance, neutral"
Mental Health,Burnout,can't keep up,"sadness, annoyance, neutral"
Mental Health,Burnout,tired of everything,"sadness, annoyance, neutral"
Mental Health,Burnout,emotional exhaustion,"sadness, annoyance, neutral"
Mental Health,Burnout,loss of purpose,"sadness, annoyance, neutral"
Mental Health,Burnout,cynical,"sadness, annoyance, neutral"
Mental Health,Burnout,depleted,"sadness, annoyance, neutral"
Mental Health,Burnout,energy crash,"sadness, annoyance, neutral"
Mental Health,Burnout,constant fatigue,"sadness, annoyance, neutral"
Mental Health,Coping strategies,meditation,"relief, caring, love, pride, neutral"
Mental Health,Coping strategies,journaling,"relief, caring, love, pride, neutral"
Mental Health,Coping strategies,therapy,"relief, caring, love, pride, neutral"
Mental Health,Coping strategies,talking to someone,"relief, caring, love, pride, neutral"
Mental Health,Coping strategies,self-care,"relief, caring, love, pride, neutral"
Mental Health,Coping strategies,mindfulness,"relief, caring, love, pride, neutral"
Mental Health,Coping strategies,breathing exercises,"relief, caring, love, pride, neutral"
Mental Health,Coping strategies,support group,"relief, caring, love, pride, neutral"
Mental Health,Coping strategies,exercise,"relief, caring, love, pride, neutral"
Mental Health,Coping strategies,nature walk,"relief, caring, love, pride, neutral"
Mental Health,Coping strategies,music,"relief, caring, love, pride, neutral"
Mental Health,Coping strategies,grounding techniques,"relief, caring, love, pride, neutral"
Mental Health,Coping strategies,relaxation,"relief, caring, love, pride, neutral"
Mental Health,Coping strategies,healthy routine,"relief, caring, love, pride, neutral"
Mental Health,Coping strategies,gratitude journal,"relief, caring, love, pride, neutral"
Mental Health,Coping strategies,art therapy,"relief, caring, love, pride, neutral"
Mental Health,Coping strategies,prayer,"relief, caring, love, pride, neutral"
Mental Health,Coping strategies,distraction,"relief, caring, love, pride, neutral"
Mental Health,Coping strategies,healthy eating,"relief, caring, love, pride, neutral"
Mental Health,Coping strategies,yoga,"relief, caring, love, pride, neutral"
Mental Health,Coping strategies,setting boundaries,"relief, caring, love, pride, neutral"
Mental Health,Coping strategies,digital detox,"relief, caring, love, pride, neutral"
Mental Health,Coping strategies,time off,"relief, caring, love, pride, neutral"
Mental Health,Coping strategies,emotional regulation,"relief, caring, love, pride, neutral"
Mental Health,Coping strategies,reaching out,"relief, caring, love, pride, neutral"
Mental Health,Coping strategies,deep breathing,"relief, caring, love, pride, neutral"
Mental Health,Coping strategies,therapy,"relief, caring, love, pride, neutral"
Mental Health,Coping strategies,psychiatrist,"relief, caring, love, pride, neutral"
Mental Health,Coping strategies,psychology,"relief, caring, love, pride, neutral"
Mental Health,Coping strategies,CBT,"relief, caring, love, pride, neutral"
Mental Health,Coping strategies,DBT,"relief, caring, love, pride, neutral"
Mental Health,Coping strategies,psychologist,"relief, caring, love, pride, neutral"
Mental Health,Self-harm risk,suicidal,"sadness, disgust, disappointment"
Mental Health,Self-harm risk,hurt myself,"sadness, disgust, disappointment"
Mental Health,Self-harm risk,cutting,"sadness, disgust, disappointment"
Mental Health,Self-harm risk,cuts,"sadness, disgust, disappointment"
Mental Health,Self-harm risk,scars,"sadness, disgust, disappointment"
Mental Health,Self-harm risk,can't go on,"sadness, disgust, disappointment"
Mental Health,Self-harm risk,end it,"sadness, disgust, disappointment"
Mental Health,Self-harm risk,life not worth living,"sadness, disgust, disappointment"
Mental Health,Self-harm risk,want to die,"sadness, disgust, disappointment"
Mental Health,Self-harm risk,hopeless,"sadness, disgust, disappointment"
Mental Health,Self-harm risk,razor,"sadness, disgust, disappointment"
Mental Health,Self-harm risk,overdose,"sadness, disgust, disappointment"
Mental Health,Self-harm risk,harming myself,"sadness, disgust, disappointment"
Mental Health,Self-harm risk,self-inflicted pain,"sadness, disgust, disappointment"
Mental Health,Self-harm risk,emotional pain,"sadness, disgust, disappointment"
Mental Health,Self-harm risk,invisible wounds,"sadness, disgust, disappointment"
Mental Health,Self-harm risk,desperate,"sadness, disgust, disappointment"
Mental Health,Self-harm risk,lost the will to live,"sadness, disgust, disappointment"
Mental Health,Self-harm risk,hurting inside,"sadness, disgust, disappointment"
Mental Health,Self-harm risk,done with everything,"sadness, disgust, disappointment"
Mental Health,Self-harm risk,bruising,"sadness, disgust, disappointment"
Mental Health,Self-harm risk,cover up scars,"sadness, disgust, disappointment"
Mental Health,Suicidal,suicidal,"sadness, disgust, disappointment"
Mental Health,Suicidal,hurt myself,"sadness, disgust, disappointment"
Mental Health,Suicidal,cut wrists,"sadness, disgust, disappointment"
Mental Health,Suicidal,cutting,"sadness, disgust, disappointment"
Mental Health,Suicidal,can't go on,"sadness, disgust, disappointment"
Mental Health,Suicidal,end it,"sadness, disgust, disappointment"
Mental Health,Suicidal,life not worth living,"sadness, disgust, disappointment"
Mental Health,Suicidal,want to die,"sadness, disgust, disappointment"
Mental Health,Suicidal,hopeless,"sadness, disgust, disappointment"
Mental Health,Suicidal,razor,"sadness, disgust, disappointment"
Mental Health,Suicidal,overdose,"sadness, disgust, disappointment"
Mental Health,Suicidal,harming myself,"sadness, disgust, disappointment"
Mental Health,Suicidal,ending everything,"sadness, disgust, disappointment"
Mental Health,Suicidal,tired of life,"sadness, disgust, disappointment"
Mental Health,Suicidal,wish I wasn't here,"sadness, disgust, disappointment"
Mental Health,Suicidal,thinking of ending it,"sadness, disgust, disappointment"
Mental Health,Suicidal,self-inflicted pain,"sadness, disgust, disappointment"
Mental Health,Suicidal,no reason to live,"sadness, disgust, disappointment"
Mental Health,Suicidal,emptyemotional pain,"sadness, disgust, disappointment"
Mental Health,Suicidal,invisible wounds,"sadness, disgust, disappointment"
Mental Health,Suicidal,giving up on life,"sadness, disgust, disappointment"
Mental Health,Suicidal,desperate,"sadness, disgust, disappointment"
Mental Health,Suicidal,lost the will to live,"sadness, disgust, disappointment"
Mental Health,Suicidal,hurting inside,"sadness, disgust, disappointment"
Mental Health,Suicidal,done with everything,"sadness, disgust, disappointment"
Mental Health,Suicidal,burdenbetter off without me,"sadness, disgust, disappointment"
Mental Health,Suicidal,suicide note,"sadness, disgust, disappointment"
Mental Health,Suicidal,letter,"sadness, disgust, disappointment"
Mental Health,Suicidal,note,"sadness, disgust, disappointment"
Mental Health,Suicidal,jump,"sadness, disgust, disappointment"
Mental Health,Suicidal,jump off,"sadness, disgust, disappointment"
Mental Health,Suicidal,lost the will to live,"sadness, disgust, disappointment"
Mental Health,Suicidal,no will to live,"sadness, disgust, disappointment"
Mental Health,Suicidal,trapped,"sadness, disgust, disappointment"
Mental Health,Suicidal,i'm sorry,"sadness, disgust, disappointment"
Mental Health,Suicidal,hopeless,"sadness, disgust, disappointment"
Mental Health,Substance use,alcohol,"sadness, disgust, disappointment, fear, anger, disapproval"
Mental Health,Substance use,drunk,"sadness, disgust, disappointment, fear, anger, disapproval"
Mental Health,Substance use,weed,"sadness, disgust, disappointment, fear, anger, disapproval"
Mental Health,Substance use,smoking,"sadness, disgust, disappointment, fear, anger, disapproval"
Mental Health,Substance use,drugs,"sadness, disgust, disappointment, fear, anger, disapproval"
Mental Health,Substance use,high,"sadness, disgust, disappointment, fear, anger, disapproval"
Mental Health,Substance use,addicted,"sadness, disgust, disappointment, fear, anger, disapproval"
Mental Health,Substance use,sober,"sadness, disgust, disappointment, fear, anger, disapproval"
Mental Health,Substance use,relapse,"sadness, disgust, disappointment, fear, anger, disapproval"
Mental Health,Substance use,overdose,"sadness, disgust, disappointment, fear, anger, disapproval"
Mental Health,Substance use,drinking problem,"sadness, disgust, disappointment, fear, anger, disapproval"
Mental Health,Substance use,intoxicated,"sadness, disgust, disappointment, fear, anger, disapproval"
Mental Health,Substance use,hangover,"sadness, disgust, disappointment, fear, anger, disapproval"
Mental Health,Substance use,withdrawal,"sadness, disgust, disappointment, fear, anger, disapproval"
Mental Health,Substance use,rehab,"sadness, disgust, disappointment, fear, anger, disapproval"
Mental Health,Substance use,temptation,"sadness, disgust, disappointment, fear, anger, disapproval"
Mental Health,Substance use,dependency,"sadness, disgust, disappointment, fear, anger, disapproval"
Mental Health,Substance use,craving,"sadness, disgust, disappointment, fear, anger, disapproval"
Mental Health,Substance use,substance abuse,"sadness, disgust, disappointment, fear, anger, disapproval"
Mental Health,Substance use,getting wasted,"sadness, disgust, disappointment, fear, anger, disapproval"
Mental Health,Substance use,losing control,"sadness, disgust, disappointment, fear, anger, disapproval"
Mental Health,Substance use,numbing the pain,"sadness, disgust, disappointment, fear, anger, disapproval"
Mental Health,Substance use,relapse risk,"sadness, disgust, disappointment, fear, anger, disapproval"
Mental Health,Substance use,clean for a week,"sadness, disgust, disappointment, fear, anger, disapproval"
Mental Health,Substance use,under the influence,"sadness, disgust, disappointment, fear, anger, disapproval"
Mental Health,Substance use,binge drinking,"sadness, disgust, disappointment, fear, anger, disapproval"
Mental Health,Substance use,staying clean,"sadness, disgust, disappointment, fear, anger, disapproval"
Mental Health,Risk-taking,reckless,"fear, anger, curiosity, excitement"
Mental Health,Risk-taking,impulsive,"fear, anger, curiosity, excitement"
Mental Health,Risk-taking,danger,"fear, anger, curiosity, excitement"
Mental Health,Risk-taking,thrill,"fear, anger, curiosity, excitement"
Mental Health,Risk-taking,risk,"fear, anger, curiosity, excitement"
Mental Health,Risk-taking,adrenaline,"fear, anger, curiosity, excitement"
Mental Health,Risk-taking,out of control,"fear, anger, curiosity, excitement"
Mental Health,Risk-taking,sudden urge,"fear, anger, curiosity, excitement"
Mental Health,Risk-taking,taking chances,"fear, anger, curiosity, excitement"
Mental Health,Risk-taking,no fear,"fear, anger, curiosity, excitement"
Mental Health,Risk-taking,living on edge,"fear, anger, curiosity, excitement"
Mental Health,Risk-taking,risky behavior,"fear, anger, curiosity, excitement"
Mental Health,Risk-taking,daredevil,"fear, anger, curiosity, excitement"
Mental Health,Risk-taking,acting without thinking,"fear, anger, curiosity, excitement"
Mental Health,Risk-taking,doing something crazy,"fear, anger, curiosity, excitement"
Mental Health,Risk-taking,breaking rules,"fear, anger, curiosity, excitement"
Mental Health,Risk-taking,chasing excitement,"fear, anger, curiosity, excitement"
Mental Health,Risk-taking,spontaneous,"fear, anger, curiosity, excitement"
Mental Health,Risk-taking,testing limits,"fear, anger, curiosity, excitement"
Mental Health,Risk-taking,high-risk,"fear, anger, curiosity, excitement"
Mental Health,Risk-taking,impulsive decisions,"fear, anger, curiosity, excitement"
Mental Health,Risk-taking,thrill-seeking,"fear, anger, curiosity, excitement"
Mental Health,Risk-taking,not thinking straight,"fear, anger, curiosity, excitement"
Mental Health,Risk-taking,adrenaline rush,"fear, anger, curiosity, excitement"
Grief & Loss,Grief,loss,"sadness, grief, remorse, love"
Grief & Loss,Grief,gone,"sadness, grief, remorse, love"
Grief & Loss,Grief,died,"sadness, grief, remorse, love"
Grief & Loss,Grief,pass away,"sadness, grief, remorse, love"
Grief & Loss,Grief,funeral,"sadness, grief, remorse, love"
Grief & Loss,Grief,grief,"sadness, grief, remorse, love"
Grief & Loss,Grief,heartbreak,"sadness, grief, remorse, love"
Grief & Loss,Grief,mourning,"sadness, grief, remorse, love"
Grief & Loss,Grief,deep sorrow,"sadness, grief, remorse, love"
Grief & Loss,Grief,devastated,"sadness, grief, remorse, love"
Grief & Loss,Grief,shattered,"sadness, grief, remorse, love"
Grief & Loss,Grief,broken heart,"sadness, grief, remorse, love"
Grief & Loss,Grief,emptiness,"sadness, grief, remorse, love"
Grief & Loss,Grief,heavy heart,"sadness, grief, remorse, love"
Grief & Loss,Grief,crying,"sadness, grief, remorse, love"
Grief & Loss,Grief,inconsolable,"sadness, grief, remorse, love"
Grief & Loss,Grief,sadness,"sadness, grief, remorse, love"
Grief & Loss,Grief,numb,"sadness, grief, remorse, love"
Grief & Loss,Grief,sorrowful,"sadness, grief, remorse, love"
Grief & Loss,Grief,bereft,"sadness, grief, remorse, love"
Grief & Loss,Grief,tragedy,"sadness, grief, remorse, love"
Grief & Loss,Grief,pain,"sadness, grief, remorse, love"
Grief & Loss,Grief,anguish,"sadness, grief, remorse, love"
Grief & Loss,Grief,heartache,"sadness, grief, remorse, love"
Grief & Loss,Grief,feeling lost,"sadness, grief, remorse, love"
Grief & Loss,Grief,emotional pain,"sadness, grief, remorse, love"
Grief & Loss,Grief,mourning a loved one,"sadness, grief, remorse, love"
Grief & Loss,Grief,life feels empty,"sadness, grief, remorse, love"
Grief & Loss,Grief,unbearable sadness,"sadness, grief, remorse, love"
Grief & Loss,Mourning,remembrance,"grief, sadness"
Grief & Loss,Mourning,crying,"grief, sadness"
Grief & Loss,Mourning,bereavement,"grief, sadness"
Grief & Loss,Mourning,condolences,"grief, sadness"
Grief & Loss,Mourning,miss you,"grief, sadness"
Grief & Loss,Mourning,tribute,"grief, sadness"
Grief & Loss,Mourning,memorial,"grief, sadness"
Grief & Loss,Mourning,vigil,"grief, sadness"
Grief & Loss,Mourning,paying respects,"grief, sadness"
Grief & Loss,Mourning,honoring,"grief, sadness"
Grief & Loss,Mourning,reflection,"grief, sadness"
Grief & Loss,Mourning,sorrow,"grief, sadness"
Grief & Loss,Mourning,lamenting,"grief, sadness"
Grief & Loss,Mourning,grieving together,"grief, sadness"
Grief & Loss,Mourning,sympathy,"grief, sadness"
Grief & Loss,Mourning,shared loss,"grief, sadness"
Grief & Loss,Mourning,flowers for the deceased,"grief, sadness"
Grief & Loss,Mourning,sending thoughts,"grief, sadness"
Grief & Loss,Mourning,comforted in sorrow,"grief, sadness"
Grief & Loss,Mourning,attending funeral,"grief, sadness"
Grief & Loss,Mourning,loss ritual,"grief, sadness"
Grief & Loss,Mourning,keeping memory alive,"grief, sadness"
Grief & Loss,Mourning,deceased,"grief, sadness"
Grief & Loss,Nostalgia,childhood,"sadness, confusion, neutral"
Grief & Loss,Nostalgia,memories,"sadness, confusion, neutral"
Grief & Loss,Nostalgia,old days,"sadness, confusion, neutral"
Grief & Loss,Nostalgia,past,"sadness, confusion, neutral"
Grief & Loss,Nostalgia,remember when,"sadness, confusion, neutral"
Grief & Loss,Nostalgia,flashback,"sadness, confusion, neutral"
Grief & Loss,Nostalgia,days gone by,"sadness, confusion, neutral"
Grief & Loss,Nostalgia,reminisce,"sadness, confusion, neutral"
Grief & Loss,Nostalgia,sentimental,"sadness, confusion, neutral"
Grief & Loss,Nostalgia,good old times,"sadness, confusion, neutral"
Grief & Loss,Nostalgia,longing for the past,"sadness, confusion, neutral"
Grief & Loss,Nostalgia,family moments,"sadness, confusion, neutral"
Grief & Loss,Nostalgia,old friends,"sadness, confusion, neutral"
Grief & Loss,Nostalgia,youth,"sadness, confusion, neutral"
Grief & Loss,Nostalgia,simpler times,"sadness, confusion, neutral"
Grief & Loss,Nostalgia,cherished memories,"sadness, confusion, neutral"
Grief & Loss,Nostalgia,photo albums,"sadness, confusion, neutral"
Grief & Loss,Nostalgia,storytelling,"sadness, confusion, neutral"
Grief & Loss,Nostalgia,sentimental journey,"sadness, confusion, neutral"
Grief & Loss,Nostalgia,bittersweet feelings,"sadness, confusion, neutral"
Grief & Loss,Nostalgia,recalling laughter,"sadness, confusion, neutral"
Grief & Loss,Nostalgia,warm memories,"sadness, confusion, neutral"
Grief & Loss,Nostalgia,recalling traditions,"sadness, confusion, neutral"
Grief & Loss,Missing someone,miss you,"sadness, grief, love"
Grief & Loss,Missing someone,wish you were here,"sadness, grief, love"
Grief & Loss,Missing someone,absence,"sadness, grief, love"
Grief & Loss,Missing someone,long for,"sadness, grief, love"
Grief & Loss,Missing someone,lonely without you,"sadness, grief, love"
Grief & Loss,Missing someone,you're in my heart,"sadness, grief, love"
Grief & Loss,Missing someone,still in our hearts,"sadness, grief, love"
Grief & Loss,Missing someone,still in my heart,"sadness, grief, love"
Grief & Loss,Missing someone,thinking of you,"sadness, grief, love"
Grief & Loss,Missing someone,counting the days,"sadness, grief, love"
Grief & Loss,Missing someone,feeling empty,"sadness, grief, love"
Grief & Loss,Missing someone,longing,"sadness, grief, love"
Grief & Loss,Missing someone,can't stop thinking about you,"sadness, grief, love"
Grief & Loss,Missing someone,separation pain,"sadness, grief, love"
Grief & Loss,Missing someone,wish you were near,"sadness, grief, love"
Grief & Loss,Missing someone,craving your presence,"sadness, grief, love"
Grief & Loss,Missing someone,distance hurts,"sadness, grief, love"
Grief & Loss,Missing someone,wishing you were back,"sadness, grief, love"
Grief & Loss,Missing someone,left behind,"sadness, grief, love"
Grief & Loss,Missing someone,yearning,"sadness, grief, love"
Grief & Loss,Missing someone,thinking of old times,"sadness, grief, love"
Grief & Loss,Missing someone,lonely,"sadness, grief, love"
Grief & Loss,Loneliness,lonely,"sadness, grief"
Grief & Loss,Loneliness,alone,"sadness, grief"
Grief & Loss,Loneliness,isolated,"sadness, grief"
Grief & Loss,Loneliness,nobody,"sadness, grief"
Grief & Loss,Loneliness,empty room,"sadness, grief"
Grief & Loss,Loneliness,no one to talk to,"sadness, grief"
Grief & Loss,Loneliness,solitude,"sadness, grief"
Grief & Loss,Loneliness,abandoned,"sadness, grief"
Grief & Loss,Loneliness,friendless,"sadness, grief"
Grief & Loss,Loneliness,quiet,"sadness, grief"
Grief & Loss,Loneliness,left out,"sadness, grief"
Grief & Loss,Loneliness,disconnected,"sadness, grief"
Grief & Loss,Loneliness,feeling invisible,"sadness, grief"
Grief & Loss,Loneliness,longing for company,"sadness, grief"
Grief & Loss,Loneliness,solitude weighs,"sadness, grief"
Grief & Loss,Loneliness,solitary,"sadness, grief"
Grief & Loss,Loneliness,empty heart,"sadness, grief"
Grief & Loss,Loneliness,hollow,"sadness, grief"
Grief & Loss,Loneliness,confinement,"sadness, grief"
Grief & Loss,Loneliness,craving connection,"sadness, grief"
Grief & Loss,Loneliness,feeling left behind,"sadness, grief"
Grief & Loss,Loneliness,yearning for companionship,"sadness, grief"
Grief & Loss,Loneliness,solitude pain,"sadness, grief"
Grief & Loss,Loneliness,isolation,"sadness, grief"
Grief & Loss,Regret,should have,"remorse, sadness, grief, disappointment, embarrassment, disgust"
Grief & Loss,Regret,if only,"remorse, sadness, grief, disappointment, embarrassment, disgust"
Grief & Loss,Regret,sorry for,"remorse, sadness, grief, disappointment, embarrassment, disgust"
Grief & Loss,Regret,wish I hadn't,"remorse, sadness, grief, disappointment, embarrassment, disgust"
Grief & Loss,Regret,remorse,"remorse, sadness, grief, disappointment, embarrassment, disgust"
Grief & Loss,Regret,guilt,"remorse, sadness, grief, disappointment, embarrassment, disgust"
Grief & Loss,Regret,hindsight,"remorse, sadness, grief, disappointment, embarrassment, disgust"
Grief & Loss,Regret,missed opportunity,"remorse, sadness, grief, disappointment, embarrassment, disgust"
Grief & Loss,Regret,could've done better,"remorse, sadness, grief, disappointment, embarrassment, disgust"
Grief & Loss,Regret,self-blame,"remorse, sadness, grief, disappointment, embarrassment, disgust"
Grief & Loss,Regret,feeling responsible,"remorse, sadness, grief, disappointment, embarrassment, disgust"
Grief & Loss,Regret,shame,"remorse, sadness, grief, disappointment, embarrassment, disgust"
Grief & Loss,Regret,wishing things were different,"remorse, sadness, grief, disappointment, embarrassment, disgust"
Grief & Loss,Regret,apology,"remorse, sadness, grief, disappointment, embarrassment, disgust"
Grief & Loss,Regret,making amends,"remorse, sadness, grief, disappointment, embarrassment, disgust"
Grief & Loss,Regret,dwelling on mistakes,"remorse, sadness, grief, disappointment, embarrassment, disgust"
Grief & Loss,Regret,regrets weigh heavy,"remorse, sadness, grief, disappointment, embarrassment, disgust"
Grief & Loss,Regret,hindsight hurts,"remorse, sadness, grief, disappointment, embarrassment, disgust"
Grief & Loss,Regret,wish I could turn back time,"remorse, sadness, grief, disappointment, embarrassment, disgust"
Grief & Loss,Regret,second-guessing,"remorse, sadness, grief, disappointment, embarrassment, disgust"
Grief & Loss,Regret,feeling accountable,"remorse, sadness, grief, disappointment, embarrassment, disgust"
Grief & Loss,Regret,repentance,"remorse, sadness, grief, disappointment, embarrassment, disgust"
Grief & Loss,Regret,rueful,"remorse, sadness, grief, disappointment, embarrassment, disgust"
SPIRITUALITY,Faith,soul,"gratitude, love, remorse, relief, admiration, joy, curiosity"
SPIRITUALITY,Faith,spirit,"gratitude, love, remorse, relief, admiration, joy, curiosity"
SPIRITUALITY,Faith,higher power,"gratitude, love, remorse, relief, admiration, joy, curiosity"
SPIRITUALITY,Faith,inner peace,"gratitude, love, remorse, relief, admiration, joy, curiosity"
SPIRITUALITY,Faith,divine,"gratitude, love, remorse, relief, admiration, joy, curiosity"
SPIRITUALITY,Faith,connection,"gratitude, love, remorse, relief, admiration, joy, curiosity"
SPIRITUALITY,Faith,faith,"gratitude, love, remorse, relief, admiration, joy, curiosity"
SPIRITUALITY,Faith,universe,"gratitude, love, remorse, relief, admiration, joy, curiosity"
SPIRITUALITY,Faith,belief,"gratitude, love, remorse, relief, admiration, joy, curiosity"
SPIRITUALITY,Faith,trust in God,"gratitude, love, remorse, relief, admiration, joy, curiosity"
SPIRITUALITY,Faith,devotion,"gratitude, love, remorse, relief, admiration, joy, curiosity"
SPIRITUALITY,Faith,spirituality,"gratitude, love, remorse, relief, admiration, joy, curiosity"
SPIRITUALITY,Faith,karma,"gratitude, love, remorse, relief, admiration, joy, curiosity"
SPIRITUALITY,Faith,dharma,"gratitude, love, remorse, relief, admiration, joy, curiosity"
SPIRITUALITY,Faith,samsara,"gratitude, love, remorse, relief, admiration, joy, curiosity"
SPIRITUALITY,Faith,enlightenment,"gratitude, love, remorse, relief, admiration, joy, curiosity"
SPIRITUALITY,Faith,awakening,"gratitude, love, remorse, relief, admiration, joy, curiosity"
SPIRITUALITY,Faith,Atman,"gratitude, love, remorse, relief, admiration, joy, curiosity"
SPIRITUALITY,Faith,Brahman,"gratitude, love, remorse, relief, admiration, joy, curiosity"
SPIRITUALITY,Faith,bodhi,"gratitude, love, remorse, relief, admiration, joy, curiosity"
SPIRITUALITY,Faith,mindfulness,"gratitude, love, remorse, relief, admiration, joy, curiosity"
SPIRITUALITY,Faith,sacred,"gratitude, love, remorse, relief, admiration, joy, curiosity"
SPIRITUALITY,Faith,transcendence,"gratitude, love, remorse, relief, admiration, joy, curiosity"
SPIRITUALITY,Faith,spiritual journey,"gratitude, love, remorse, relief, admiration, joy, curiosity"
SPIRITUALITY,Faith,surrender,"gratitude, love, remorse, relief, admiration, joy, curiosity"
SPIRITUALITY,Faith,grace,"gratitude, love, remorse, relief, admiration, joy, curiosity"
SPIRITUALITY,Faith,sacred path,"gratitude, love, remorse, relief, admiration, joy, curiosity"
SPIRITUALITY,Faith,cosmic energy,"gratitude, love, remorse, relief, admiration, joy, curiosity"
SPIRITUALITY,Faith,sacred presence,"gratitude, love, remorse, relief, admiration, joy, curiosity"
SPIRITUALITY,Prayer,pray,"gratitude, love, remorse, relief, admiration"
SPIRITUALITY,Prayer,praying,"gratitude, love, remorse, relief, admiration"
SPIRITUALITY,Prayer,dua,"gratitude, love, remorse, relief, admiration"
SPIRITUALITY,Prayer,thank God,"gratitude, love, remorse, relief, admiration"
SPIRITUALITY,Prayer,gratitude,"gratitude, love, remorse, relief, admiration"
SPIRITUALITY,Prayer,asking for guidance,"gratitude, love, remorse, relief, admiration"
SPIRITUALITY,Prayer,grace,"gratitude, love, remorse, relief, admiration"
SPIRITUALITY,Prayer,salah,"gratitude, love, remorse, relief, admiration"
SPIRITUALITY,Prayer,isha,"gratitude, love, remorse, relief, admiration"
SPIRITUALITY,Prayer,maghrib,"gratitude, love, remorse, relief, admiration"
SPIRITUALITY,Prayer,fajr,"gratitude, love, remorse, relief, admiration"
SPIRITUALITY,Prayer,dhuhr,"gratitude, love, remorse, relief, admiration"
SPIRITUALITY,Prayer,asr,"gratitude, love, remorse, relief, admiration"
SPIRITUALITY,Prayer,mantra,"gratitude, love, remorse, relief, admiration"
SPIRITUALITY,Prayer,chanting,"gratitude, love, remorse, relief, admiration"
SPIRITUALITY,Prayer,meditation,"gratitude, love, remorse, relief, admiration"
SPIRITUALITY,Prayer,puja,"gratitude, love, remorse, relief, admiration"
SPIRITUALITY,Prayer,offering,"gratitude, love, remorse, relief, admiration"
SPIRITUALITY,Prayer,prostration,"gratitude, love, remorse, relief, admiration"
SPIRITUALITY,Prayer,hymn,"gratitude, love, remorse, relief, admiration"
SPIRITUALITY,Prayer,kirtan,"gratitude, love, remorse, relief, admiration"
SPIRITUALITY,Prayer,recitation,"gratitude, love, remorse, relief, admiration"
SPIRITUALITY,Prayer,rosary,"gratitude, love, remorse, relief, admiration"
SPIRITUALITY,Prayer,confession,"gratitude, love, remorse, relief, admiration"
SPIRITUALITY,Prayer,invocation,"gratitude, love, remorse, relief, admiration"
SPIRITUALITY,Prayer,liturgy,"gratitude, love, remorse, relief, admiration"
SPIRITUALITY,Prayer,contemplative prayer,"gratitude, love, remorse, relief, admiration"
SPIRITUALITY,Prayer,silent prayer,"gratitude, love, remorse, relief, admiration"
SPIRITUALITY,Prayer,mindful prayer,"gratitude, love, remorse, relief, admiration"
SPIRITUALITY,Prayer,guided meditation,"gratitude, love, remorse, relief, admiration"
SPIRITUALITY,Prayer,spiritual petition,"gratitude, love, remorse, relief, admiration"
SPIRITUALITY,Prayer,lighting incense,"gratitude, love, remorse, relief, admiration"
SPIRITUALITY,Prayer,prayer beads,"gratitude, love, remorse, relief, admiration"
SPIRITUALITY,Meaning-making,purpose,"confusion, curiosity, love, surprise, optimism, realization, nervousness, surprise, fear"
SPIRITUALITY,Meaning-making,meaning,"confusion, curiosity, love, surprise, optimism, realization, nervousness, surprise, fear"
SPIRITUALITY,Meaning-making,destiny,"confusion, curiosity, love, surprise, optimism, realization, nervousness, surprise, fear"
SPIRITUALITY,Meaning-making,why am I here,"confusion, curiosity, love, surprise, optimism, realization, nervousness, surprise, fear"
SPIRITUALITY,Meaning-making,life path,"confusion, curiosity, love, surprise, optimism, realization, nervousness, surprise, fear"
SPIRITUALITY,Meaning-making,calling,"confusion, curiosity, love, surprise, optimism, realization, nervousness, surprise, fear"
SPIRITUALITY,Meaning-making,life lesson,"confusion, curiosity, love, surprise, optimism, realization, nervousness, surprise, fear"
SPIRITUALITY,Meaning-making,spiritual growth,"confusion, curiosity, love, surprise, optimism, realization, nervousness, surprise, fear"
SPIRITUALITY,Meaning-making,dharma,"confusion, curiosity, love, surprise, optimism, realization, nervousness, surprise, fear"
SPIRITUALITY,Meaning-making,moksha,"confusion, curiosity, love, surprise, optimism, realization, nervousness, surprise, fear"
SPIRITUALITY,Meaning-making,karma,"confusion, curiosity, love, surprise, optimism, realization, nervousness, surprise, fear"
SPIRITUALITY,Meaning-making,self-realization,"confusion, curiosity, love, surprise, optimism, realization, nervousness, surprise, fear"
SPIRITUALITY,Meaning-making,enlightenment,"confusion, curiosity, love, surprise, optimism, realization, nervousness, surprise, fear"
SPIRITUALITY,Meaning-making,awakening,"confusion, curiosity, love, surprise, optimism, realization, nervousness, surprise, fear"
SPIRITUALITY,Meaning-making,soul mission,"confusion, curiosity, love, surprise, optimism, realization, nervousness, surprise, fear"
SPIRITUALITY,Meaning-making,divine plan,"confusion, curiosity, love, surprise, optimism, realization, nervousness, surprise, fear"
SPIRITUALITY,Meaning-making,cosmic purpose,"confusion, curiosity, love, surprise, optimism, realization, nervousness, surprise, fear"
SPIRITUALITY,Meaning-making,seeking truth,"confusion, curiosity, love, surprise, optimism, realization, nervousness, surprise, fear"
SPIRITUALITY,Meaning-making,ultimate reality,"confusion, curiosity, love, surprise, optimism, realization, nervousness, surprise, fear"
SPIRITUALITY,Meaning-making,inner guidance,"confusion, curiosity, love, surprise, optimism, realization, nervousness, surprise, fear"
SPIRITUALITY,Meaning-making,life questions,"confusion, curiosity, love, surprise, optimism, realization, nervousness, surprise, fear"
SPIRITUALITY,Meaning-making,existential inquiry,"confusion, curiosity, love, surprise, optimism, realization, nervousness, surprise, fear"
SPIRITUALITY,Meaning-making,finding God,"confusion, curiosity, love, surprise, optimism, realization, nervousness, surprise, fear"
SPIRITUALITY,Meaning-making,path to Nirvana,"confusion, curiosity, love, surprise, optimism, realization, nervousness, surprise, fear"
SPIRITUALITY,Meaning-making,discovering inner self,"confusion, curiosity, love, surprise, optimism, realization, nervousness, surprise, fear"
SPIRITUALITY,Doubt,questioning,"curiosity, nervousness, annoyance, disappointment, confusion, sadness"
SPIRITUALITY,Doubt,uncertainty,"curiosity, nervousness, annoyance, disappointment, confusion, sadness"
SPIRITUALITY,Doubt,disbelief,"curiosity, nervousness, annoyance, disappointment, confusion, sadness"
SPIRITUALITY,Doubt,lost faith,"curiosity, nervousness, annoyance, disappointment, confusion, sadness"
SPIRITUALITY,Doubt,confused about beliefs,"curiosity, nervousness, annoyance, disappointment, confusion, sadness"
SPIRITUALITY,Doubt,spiritual crisis,"curiosity, nervousness, annoyance, disappointment, confusion, sadness"
SPIRITUALITY,Doubt,struggling with belief,"curiosity, nervousness, annoyance, disappointment, confusion, sadness"
SPIRITUALITY,Doubt,doubt in God,"curiosity, nervousness, annoyance, disappointment, confusion, sadness"
SPIRITUALITY,Doubt,skeptical,"curiosity, nervousness, annoyance, disappointment, confusion, sadness"
SPIRITUALITY,Doubt,questioning purpose,"curiosity, nervousness, annoyance, disappointment, confusion, sadness"
SPIRITUALITY,Doubt,wavering faith,"curiosity, nervousness, annoyance, disappointment, confusion, sadness"
SPIRITUALITY,Doubt,feeling lost spiritually,"curiosity, nervousness, annoyance, disappointment, confusion, sadness"
SPIRITUALITY,Doubt,lack of guidance,"curiosity, nervousness, annoyance, disappointment, confusion, sadness"
SPIRITUALITY,Doubt,feeling disconnected from divine,"curiosity, nervousness, annoyance, disappointment, confusion, sadness"
SPIRITUALITY,Doubt,confusion about dharma,"curiosity, nervousness, annoyance, disappointment, confusion, sadness"
SPIRITUALITY,Doubt,existential doubt,"curiosity, nervousness, annoyance, disappointment, confusion, sadness"
SPIRITUALITY,Doubt,moral uncertainty,"curiosity, nervousness, annoyance, disappointment, confusion, sadness"
SPIRITUALITY,Doubt,seeking clarity,"curiosity, nervousness, annoyance, disappointment, confusion, sadness"
SPIRITUALITY,Doubt,soul unrest,"curiosity, nervousness, annoyance, disappointment, confusion, sadness"
SPIRITUALITY,Doubt,spiritual questioning,"curiosity, nervousness, annoyance, disappointment, confusion, sadness"
SPIRITUALITY,Doubt,struggling with scripture,"curiosity, nervousness, annoyance, disappointment, confusion, sadness"
SPIRITUALITY,Doubt,faith shaken,"curiosity, nervousness, annoyance, disappointment, confusion, sadness"
SPIRITUALITY,Purpose,calling,"curiosity, nervousness, realization, excitement, surprise, neutral"
SPIRITUALITY,Purpose,goal,"curiosity, nervousness, realization, excitement, surprise, neutral"
SPIRITUALITY,Purpose,meaning of life,"curiosity, nervousness, realization, excitement, surprise, neutral"
SPIRITUALITY,Purpose,what I'm meant to do,"curiosity, nervousness, realization, excitement, surprise, neutral"
SPIRITUALITY,Purpose,life purpose,"curiosity, nervousness, realization, excitement, surprise, neutral"
SPIRITUALITY,Purpose,vision,"curiosity, nervousness, realization, excitement, surprise, neutral"
SPIRITUALITY,Purpose,vocation,"curiosity, nervousness, realization, excitement, surprise, neutral"
SPIRITUALITY,Purpose,life mission,"curiosity, nervousness, realization, excitement, surprise, neutral"
SPIRITUALITY,Purpose,spiritual aim,"curiosity, nervousness, realization, excitement, surprise, neutral"
SPIRITUALITY,Purpose,soul work,"curiosity, nervousness, realization, excitement, surprise, neutral"
SPIRITUALITY,Purpose,dharma,"curiosity, nervousness, realization, excitement, surprise, neutral"
SPIRITUALITY,Purpose,path of righteousness,"curiosity, nervousness, realization, excitement, surprise, neutral"
SPIRITUALITY,Purpose,contribution,"curiosity, nervousness, realization, excitement, surprise, neutral"
SPIRITUALITY,Purpose,higher calling,"curiosity, nervousness, realization, excitement, surprise, neutral"
SPIRITUALITY,Purpose,destiny,"curiosity, nervousness, realization, excitement, surprise, neutral"
SPIRITUALITY,Purpose,reason for existence,"curiosity, nervousness, realization, excitement, surprise, neutral"
SPIRITUALITY,Purpose,self-actualization,"curiosity, nervousness, realization, excitement, surprise, neutral"
SPIRITUALITY,Purpose,true path,"curiosity, nervousness, realization, excitement, surprise, neutral"
SPIRITUALITY,Purpose,life direction,"curiosity, nervousness, realization, excitement, surprise, neutral"
SPIRITUALITY,Purpose,awakening,"curiosity, nervousness, realization, excitement, surprise, neutral"
SPIRITUALITY,Purpose,fulfilling potential,"curiosity, nervousness, realization, excitement, surprise, neutral"
SPIRITUALITY,Purpose,inner purpose,"curiosity, nervousness, realization, excitement, surprise, neutral"
SPIRITUALITY,Purpose,cosmic plan,"curiosity, nervousness, realization, excitement, surprise, neutral"
SPIRITUALITY,Purpose,sacred duty,"curiosity, nervousness, realization, excitement, surprise, neutral"
SPIRITUALITY,Mortality,death,"sadness, grief, remorse, grief, curiosity, neutral"
SPIRITUALITY,Mortality,dying,"sadness, grief, remorse, grief, curiosity, neutral"
SPIRITUALITY,Mortality,awareness of death,"sadness, grief, remorse, grief, curiosity, neutral"
SPIRITUALITY,Mortality,time is short,"sadness, grief, remorse, grief, curiosity, neutral"
SPIRITUALITY,Mortality,impermanence,"sadness, grief, remorse, grief, curiosity, neutral"
SPIRITUALITY,Mortality,fleeting life,"sadness, grief, remorse, grief, curiosity, neutral"
SPIRITUALITY,Mortality,transient,"sadness, grief, remorse, grief, curiosity, neutral"
SPIRITUALITY,Mortality,mortality awareness,"sadness, grief, remorse, grief, curiosity, neutral"
SPIRITUALITY,Mortality,cycle of life and death,"sadness, grief, remorse, grief, curiosity, neutral"
SPIRITUALITY,Mortality,memento mori,"sadness, grief, remorse, grief, curiosity, neutral"
SPIRITUALITY,Mortality,anicca,"sadness, grief, remorse, grief, curiosity, neutral"
SPIRITUALITY,Mortality,rebirth,"sadness, grief, remorse, grief, curiosity, neutral"
SPIRITUALITY,Mortality,samsara,"sadness, grief, remorse, grief, curiosity, neutral"
SPIRITUALITY,Mortality,finality,"sadness, grief, remorse, grief, curiosity, neutral"
SPIRITUALITY,Mortality,end of life,"sadness, grief, remorse, grief, curiosity, neutral"
SPIRITUALITY,Mortality,legacy,"sadness, grief, remorse, grief, curiosity, neutral"
SPIRITUALITY,Mortality,remembering mortality,"sadness, grief, remorse, grief, curiosity, neutral"
SPIRITUALITY,Mortality,accepting death,"sadness, grief, remorse, grief, curiosity, neutral"
SPIRITUALITY,Mortality,preparing for afterlife,"sadness, grief, remorse, grief, curiosity, neutral"
SPIRITUALITY,Mortality,finite existence,"sadness, grief, remorse, grief, curiosity, neutral"
SPIRITUALITY,Mortality,impermanent nature,"sadness, grief, remorse, grief, curiosity, neutral"
SPIRITUALITY,Mortality,spiritual mortality,"sadness, grief, remorse, grief, curiosity, neutral"
SPIRITUALITY,Mortality,mortality reflection,"sadness, grief, remorse, grief, curiosity, neutral"
SPIRITUALITY,Religion,church,"gratitude, love, relief, remorse, neutral, joy"
SPIRITUALITY,Religion,mosque,"gratitude, love, relief, remorse, neutral, joy"
SPIRITUALITY,Religion,temple,"gratitude, love, relief, remorse, neutral, joy"
SPIRITUALITY,Religion,synagogue,"gratitude, love, relief, remorse, neutral, joy"
SPIRITUALITY,Religion,Bible,"gratitude, love, relief, remorse, neutral, joy"
SPIRITUALITY,Religion,Qur'an,"gratitude, love, relief, remorse, neutral, joy"
SPIRITUALITY,Religion,Torah,"gratitude, love, relief, remorse, neutral, joy"
SPIRITUALITY,Religion,scripture,"gratitude, love, relief, remorse, neutral, joy"
SPIRITUALITY,Religion,religion,"gratitude, love, relief, remorse, neutral, joy"
SPIRITUALITY,Religion,faith,"gratitude, love, relief, remorse, neutral, joy"
SPIRITUALITY,Religion,God,"gratitude, love, relief, remorse, neutral, joy"
SPIRITUALITY,Religion,Allah,"gratitude, love, relief, remorse, neutral, joy"
SPIRITUALITY,Religion,Jehovah,"gratitude, love, relief, remorse, neutral, joy"
SPIRITUALITY,Religion,Lord,"gratitude, love, relief, remorse, neutral, joy"
SPIRITUALITY,Religion,Christ,"gratitude, love, relief, remorse, neutral, joy"
SPIRITUALITY,Religion,Jesus,"gratitude, love, relief, remorse, neutral, joy"
SPIRITUALITY,Religion,psalm,"gratitude, love, relief, remorse, neutral, joy"
SPIRITUALITY,Religion,surah,"gratitude, love, relief, remorse, neutral, joy"
SPIRITUALITY,Religion,verse,"gratitude, love, relief, remorse, neutral, joy"
SPIRITUALITY,Religion,hadith,"gratitude, love, relief, remorse, neutral, joy"
SPIRITUALITY,Religion,gospel,"gratitude, love, relief, remorse, neutral, joy"
SPIRITUALITY,Religion,holy text,"gratitude, love, relief, remorse, neutral, joy"
SPIRITUALITY,Religion,Buddha,"gratitude, love, relief, remorse, neutral, joy"
SPIRITUALITY,Religion,dharma,"gratitude, love, relief, remorse, neutral, joy"
SPIRITUALITY,Religion,sangha,"gratitude, love, relief, remorse, neutral, joy"
SPIRITUALITY,Religion,meditation hall,"gratitude, love, relief, remorse, neutral, joy"
SPIRITUALITY,Religion,monastery,"gratitude, love, relief, remorse, neutral, joy"
SPIRITUALITY,Religion,temple rituals,"gratitude, love, relief, remorse, neutral, joy"
SPIRITUALITY,Religion,Vedas,"gratitude, love, relief, remorse, neutral, joy"
SPIRITUALITY,Religion,Upanishads,"gratitude, love, relief, remorse, neutral, joy"
SPIRITUALITY,Religion,Bhagavad Gita,"gratitude, love, relief, remorse, neutral, joy"
SPIRITUALITY,Religion,Shiva,"gratitude, love, relief, remorse, neutral, joy"
SPIRITUALITY,Religion,Vishnu,"gratitude, love, relief, remorse, neutral, joy"
SPIRITUALITY,Religion,Krishna,"gratitude, love, relief, remorse, neutral, joy"
SPIRITUALITY,Religion,Hinduism,"gratitude, love, relief, remorse, neutral, joy"
SPIRITUALITY,Religion,Buddhism,"gratitude, love, relief, remorse, neutral, joy"
SPIRITUALITY,Religion,deity,"gratitude, love, relief, remorse, neutral, joy"
SPIRITUALITY,Religion,guru,"gratitude, love, relief, remorse, neutral, joy"
SPIRITUALITY,Religion,spiritual teacher,"gratitude, love, relief, remorse, neutral, joy"
SPIRITUALITY,Religion,prayer wheel,"gratitude, love, relief, remorse, neutral, joy"
SPIRITUALITY,Religion,mandala,"gratitude, love, relief, remorse, neutral, joy"
SPIRITUALITY,Religion,Ar-Rahman,"gratitude, love, relief, remorse, neutral, joy"
SPIRITUALITY,Religion,Ar-Rahim,"gratitude, love, relief, remorse, neutral, joy"
SPIRITUALITY,Religion,Al-Malik,"gratitude, love, relief, remorse, neutral, joy"
SPIRITUALITY,Religion,Al-Quddus,"gratitude, love, relief, remorse, neutral, joy"
SPIRITUALITY,Religion,As-Salam,"gratitude, love, relief, remorse, neutral, joy"
SPIRITUALITY,Religion,Al-Mu'min,"gratitude, love, relief, remorse, neutral, joy"
SPIRITUALITY,Religion,Al-Muhaymin,"gratitude, love, relief, remorse, neutral, joy"
SPIRITUALITY,Religion,Al-Aziz,"gratitude, love, relief, remorse, neutral, joy"
SPIRITUALITY,Religion,Al-Jabbar,"gratitude, love, relief, remorse, neutral, joy"
SPIRITUALITY,Religion,Al-Mutakabbir,"gratitude, love, relief, remorse, neutral, joy"
SPIRITUALITY,Religion,Al-Khaliq,"gratitude, love, relief, remorse, neutral, joy"
SPIRITUALITY,Religion,Al-Bari',"gratitude, love, relief, remorse, neutral, joy"
SPIRITUALITY,Religion,Al-Musawwir,"gratitude, love, relief, remorse, neutral, joy"
SPIRITUALITY,Religion,Al-Ghaffar,"gratitude, love, relief, remorse, neutral, joy"
SPIRITUALITY,Religion,Al-Qahhar,"gratitude, love, relief, remorse, neutral, joy"
SPIRITUALITY,Religion,Al-Wahhab,"gratitude, love, relief, remorse, neutral, joy"
SPIRITUALITY,Religion,Ar-Razzaq,"gratitude, love, relief, remorse, neutral, joy"
SPIRITUALITY,Religion,Al-Fattah,"gratitude, love, relief, remorse, neutral, joy"
SPIRITUALITY,Religion,Al-'Alim,"gratitude, love, relief, remorse, neutral, joy"
SPIRITUALITY,Religion,Al-Qabid,"gratitude, love, relief, remorse, neutral, joy"
SPIRITUALITY,Religion,Al-Basit,"gratitude, love, relief, remorse, neutral, joy"
SPIRITUALITY,Religion,Al-Khafid,"gratitude, love, relief, remorse, neutral, joy"
SPIRITUALITY,Religion,Ar-Rafi',"gratitude, love, relief, remorse, neutral, joy"
SPIRITUALITY,Religion,Al-Mu'izz,"gratitude, love, relief, remorse, neutral, joy"
SPIRITUALITY,Religion,Al-Mudhill,"gratitude, love, relief, remorse, neutral, joy"
SPIRITUALITY,Religion,As-Sami',"gratitude, love, relief, remorse, neutral, joy"
SPIRITUALITY,Religion,Al-Basir,"gratitude, love, relief, remorse, neutral, joy"
SPIRITUALITY,Religion,Al-Hakam,"gratitude, love, relief, remorse, neutral, joy"
SPIRITUALITY,Religion,Al-'Adl,"gratitude, love, relief, remorse, neutral, joy"
SPIRITUALITY,Religion,Al-Latif,"gratitude, love, relief, remorse, neutral, joy"
SPIRITUALITY,Religion,Al-Khabir,"gratitude, love, relief, remorse, neutral, joy"
SPIRITUALITY,Religion,Al-Halim,"gratitude, love, relief, remorse, neutral, joy"
SPIRITUALITY,Religion,Al-Azim,"gratitude, love, relief, remorse, neutral, joy"
SPIRITUALITY,Religion,Al-Ghafur,"gratitude, love, relief, remorse, neutral, joy"
SPIRITUALITY,Religion,Ash-Shakur,"gratitude, love, relief, remorse, neutral, joy"
SPIRITUALITY,Religion,Al-Ali,"gratitude, love, relief, remorse, neutral, joy"
SPIRITUALITY,Religion,Al-Kabir,"gratitude, love, relief, remorse, neutral, joy"
SPIRITUALITY,Religion,Al-Hafiz,"gratitude, love, relief, remorse, neutral, joy"
SPIRITUALITY,Religion,Al-Muqit,"gratitude, love, relief, remorse, neutral, joy"
SPIRITUALITY,Religion,Al-Hasib,"gratitude, love, relief, remorse, neutral, joy"
SPIRITUALITY,Religion,Al-Jalil,"gratitude, love, relief, remorse, neutral, joy"
SPIRITUALITY,Religion,Al-Karim,"gratitude, love, relief, remorse, neutral, joy"
SPIRITUALITY,Religion,Ar-Raqib,"gratitude, love, relief, remorse, neutral, joy"
SPIRITUALITY,Religion,Al-Mujib,"gratitude, love, relief, remorse, neutral, joy"
SPIRITUALITY,Religion,Al-Wasi',"gratitude, love, relief, remorse, neutral, joy"
SPIRITUALITY,Religion,Al-Hakim,"gratitude, love, relief, remorse, neutral, joy"
SPIRITUALITY,Religion,Al-Wadud,"gratitude, love, relief, remorse, neutral, joy"
SPIRITUALITY,Religion,Al-Majid,"gratitude, love, relief, remorse, neutral, joy"
SPIRITUALITY,Religion,Al-Ba'ith,"gratitude, love, relief, remorse, neutral, joy"
SPIRITUALITY,Religion,Ash-Shahid,"gratitude, love, relief, remorse, neutral, joy"
SPIRITUALITY,Religion,Al-Haqq,"gratitude, love, relief, remorse, neutral, joy"
SPIRITUALITY,Religion,Al-Wakil,"gratitude, love, relief, remorse, neutral, joy"
SPIRITUALITY,Religion,Al-Qawi,"gratitude, love, relief, remorse, neutral, joy"
SPIRITUALITY,Religion,Al-Matin,"gratitude, love, relief, remorse, neutral, joy"
SPIRITUALITY,Religion,Al-Wali,"gratitude, love, relief, remorse, neutral, joy"
SPIRITUALITY,Religion,Al-Hamid,"gratitude, love, relief, remorse, neutral, joy"
SPIRITUALITY,Religion,Al-Muhsi,"gratitude, love, relief, remorse, neutral, joy"
SPIRITUALITY,Religion,Al-Mubdi',"gratitude, love, relief, remorse, neutral, joy"
SPIRITUALITY,Religion,Al-Mu'id,"gratitude, love, relief, remorse, neutral, joy"
SPIRITUALITY,Religion,Al-Muhyi,"gratitude, love, relief, remorse, neutral, joy"
SPIRITUALITY,Religion,Al-Mumit,"gratitude, love, relief, remorse, neutral, joy"
SPIRITUALITY,Religion,Al-Hayy,"gratitude, love, relief, remorse, neutral, joy"
SPIRITUALITY,Religion,Al-Qayyum,"gratitude, love, relief, remorse, neutral, joy"
SPIRITUALITY,Religion,Al-Wajid,"gratitude, love, relief, remorse, neutral, joy"
SPIRITUALITY,Religion,Al-Majid,"gratitude, love, relief, remorse, neutral, joy"
SPIRITUALITY,Religion,Al-Wahid,"gratitude, love, relief, remorse, neutral, joy"
SPIRITUALITY,Religion,Al-Ahad,"gratitude, love, relief, remorse, neutral, joy"
SPIRITUALITY,Religion,As-Samad,"gratitude, love, relief, remorse, neutral, joy"
SPIRITUALITY,Religion,Al-Qadir,"gratitude, love, relief, remorse, neutral, joy"
SPIRITUALITY,Religion,Al-Muqtadir,"gratitude, love, relief, remorse, neutral, joy"
SPIRITUALITY,Religion,Al-Muqaddim,"gratitude, love, relief, remorse, neutral, joy"
SPIRITUALITY,Religion,Al-Mu'akhkhir,"gratitude, love, relief, remorse, neutral, joy"
SPIRITUALITY,Religion,Al-Awwal,"gratitude, love, relief, remorse, neutral, joy"
SPIRITUALITY,Religion,Al-Akhir,"gratitude, love, relief, remorse, neutral, joy"
SPIRITUALITY,Religion,Az-Zahir,"gratitude, love, relief, remorse, neutral, joy"
SPIRITUALITY,Religion,Al-Batin,"gratitude, love, relief, remorse, neutral, joy"
SPIRITUALITY,Religion,Al-Wali,"gratitude, love, relief, remorse, neutral, joy"
SPIRITUALITY,Religion,Al-Muta'ali,"gratitude, love, relief, remorse, neutral, joy"
SPIRITUALITY,Religion,Al-Barr,"gratitude, love, relief, remorse, neutral, joy"
SPIRITUALITY,Religion,At-Tawwab,"gratitude, love, relief, remorse, neutral, joy"
SPIRITUALITY,Religion,Al-Muntaqim,"gratitude, love, relief, remorse, neutral, joy"
SPIRITUALITY,Religion,Al-'Afuww,"gratitude, love, relief, remorse, neutral, joy"
SPIRITUALITY,Religion,Ar-Ra'uf,"gratitude, love, relief, remorse, neutral, joy"
SPIRITUALITY,Religion,Malik-ul-Mulk,"gratitude, love, relief, remorse, neutral, joy"
SPIRITUALITY,Religion,Dhul-Jalal wal-Ikram,"gratitude, love, relief, remorse, neutral, joy"
SPIRITUALITY,Religion,Al-Muqsit,"gratitude, love, relief, remorse, neutral, joy"
SPIRITUALITY,Religion,Al-Jami',"gratitude, love, relief, remorse, neutral, joy"
SPIRITUALITY,Religion,Al-Ghani,"gratitude, love, relief, remorse, neutral, joy"
SPIRITUALITY,Religion,Al-Mughni,"gratitude, love, relief, remorse, neutral, joy"
SPIRITUALITY,Religion,Al-Mani',"gratitude, love, relief, remorse, neutral, joy"
SPIRITUALITY,Religion,Ad-Darr,"gratitude, love, relief, remorse, neutral, joy"
SPIRITUALITY,Religion,An-Nafi',"gratitude, love, relief, remorse, neutral, joy"
SPIRITUALITY,Religion,An-Nur,"gratitude, love, relief, remorse, neutral, joy"
SPIRITUALITY,Religion,Al-Hadi,"gratitude, love, relief, remorse, neutral, joy"
SPIRITUALITY,Religion,Al-Badi',"gratitude, love, relief, remorse, neutral, joy"
SPIRITUALITY,Religion,Al-Baqi,"gratitude, love, relief, remorse, neutral, joy"
SPIRITUALITY,Religion,Al-Warith,"gratitude, love, relief, remorse, neutral, joy"
SPIRITUALITY,Religion,Ar-Rashid,"gratitude, love, relief, remorse, neutral, joy"
SPIRITUALITY,Religion,As-Sabur,"gratitude, love, relief, remorse, neutral, joy"
RELATIONSHIPS & SOCIAL LIFE,Family,mother,"love, caring, disapproval, approval, nervousness, relief, joy, anger, sadness, gratitude, disappointment"
RELATIONSHIPS & SOCIAL LIFE,Family,father,"love, caring, disapproval, approval, nervousness, relief, joy, anger, sadness, gratitude, disappointment"
RELATIONSHIPS & SOCIAL LIFE,Family,parents,"love, caring, disapproval, approval, nervousness, relief, joy, anger, sadness, gratitude, disappointment"
RELATIONSHIPS & SOCIAL LIFE,Family,siblings,"love, caring, disapproval, approval, nervousness, relief, joy, anger, sadness, gratitude, disappointment"
RELATIONSHIPS & SOCIAL LIFE,Family,family,"love, caring, disapproval, approval, nervousness, relief, joy, anger, sadness, gratitude, disappointment"
RELATIONSHIPS & SOCIAL LIFE,Family,arguments,"love, caring, disapproval, approval, nervousness, relief, joy, anger, sadness, gratitude, disappointment"
RELATIONSHIPS & SOCIAL LIFE,Family,upbringing,"love, caring, disapproval, approval, nervousness, relief, joy, anger, sadness, gratitude, disappointment"
RELATIONSHIPS & SOCIAL LIFE,Family,home,"love, caring, disapproval, approval, nervousness, relief, joy, anger, sadness, gratitude, disappointment"
RELATIONSHIPS & SOCIAL LIFE,Family,family dinner,"love, caring, disapproval, approval, nervousness, relief, joy, anger, sadness, gratitude, disappointment"
RELATIONSHIPS & SOCIAL LIFE,Family,guests,"love, caring, disapproval, approval, nervousness, relief, joy, anger, sadness, gratitude, disappointment"
RELATIONSHIPS & SOCIAL LIFE,Family,child,"love, caring, disapproval, approval, nervousness, relief, joy, anger, sadness, gratitude, disappointment"
RELATIONSHIPS & SOCIAL LIFE,Family,kid,"love, caring, disapproval, approval, nervousness, relief, joy, anger, sadness, gratitude, disappointment"
RELATIONSHIPS & SOCIAL LIFE,Family,son,"love, caring, disapproval, approval, nervousness, relief, joy, anger, sadness, gratitude, disappointment"
RELATIONSHIPS & SOCIAL LIFE,Family,daughter,"love, caring, disapproval, approval, nervousness, relief, joy, anger, sadness, gratitude, disappointment"
RELATIONSHIPS & SOCIAL LIFE,Family,mother-in-law,"love, caring, disapproval, approval, nervousness, relief, joy, anger, sadness, gratitude, disappointment"
RELATIONSHIPS & SOCIAL LIFE,Family,father-in-law,"love, caring, disapproval, approval, nervousness, relief, joy, anger, sadness, gratitude, disappointment"
RELATIONSHIPS & SOCIAL LIFE,Family,grandma,"love, caring, disapproval, approval, nervousness, relief, joy, anger, sadness, gratitude, disappointment"
RELATIONSHIPS & SOCIAL LIFE,Family,grandmother,"love, caring, disapproval, approval, nervousness, relief, joy, anger, sadness, gratitude, disappointment"
RELATIONSHIPS & SOCIAL LIFE,Family,grandpa,"love, caring, disapproval, approval, nervousness, relief, joy, anger, sadness, gratitude, disappointment"
RELATIONSHIPS & SOCIAL LIFE,Family,grandfather,"love, caring, disapproval, approval, nervousness, relief, joy, anger, sadness, gratitude, disappointment"
RELATIONSHIPS & SOCIAL LIFE,Family,grandparents,"love, caring, disapproval, approval, nervousness, relief, joy, anger, sadness, gratitude, disappointment"
RELATIONSHIPS & SOCIAL LIFE,Family,step-family,"love, caring, disapproval, approval, nervousness, relief, joy, anger, sadness, gratitude, disappointment"
RELATIONSHIPS & SOCIAL LIFE,Family,cousin,"love, caring, disapproval, approval, nervousness, relief, joy, anger, sadness, gratitude, disappointment"
RELATIONSHIPS & SOCIAL LIFE,Family,aunt,"love, caring, disapproval, approval, nervousness, relief, joy, anger, sadness, gratitude, disappointment"
RELATIONSHIPS & SOCIAL LIFE,Family,uncle,"love, caring, disapproval, approval, nervousness, relief, joy, anger, sadness, gratitude, disappointment"
RELATIONSHIPS & SOCIAL LIFE,Family,sibling rivalry,"love, caring, disapproval, approval, nervousness, relief, joy, anger, sadness, gratitude, disappointment"
RELATIONSHIPS & SOCIAL LIFE,Family,household,"love, caring, disapproval, approval, nervousness, relief, joy, anger, sadness, gratitude, disappointment"
RELATIONSHIPS & SOCIAL LIFE,Family,parent-child bonding,"love, caring, disapproval, approval, nervousness, relief, joy, anger, sadness, gratitude, disappointment"
RELATIONSHIPS & SOCIAL LIFE,Family,family traditions,"love, caring, disapproval, approval, nervousness, relief, joy, anger, sadness, gratitude, disappointment"
RELATIONSHIPS & SOCIAL LIFE,Family,chores,"love, caring, disapproval, approval, nervousness, relief, joy, anger, sadness, gratitude, disappointment"
RELATIONSHIPS & SOCIAL LIFE,Family,family gathering,"love, caring, disapproval, approval, nervousness, relief, joy, anger, sadness, gratitude, disappointment"
RELATIONSHIPS & SOCIAL LIFE,Family,parenting,"love, caring, disapproval, approval, nervousness, relief, joy, anger, sadness, gratitude, disappointment"
RELATIONSHIPS & SOCIAL LIFE,Family,parental advice,"love, caring, disapproval, approval, nervousness, relief, joy, anger, sadness, gratitude, disappointment"
RELATIONSHIPS & SOCIAL LIFE,Family,adoption,"love, caring, disapproval, approval, nervousness, relief, joy, anger, sadness, gratitude, disappointment"
RELATIONSHIPS & SOCIAL LIFE,Family,family reunion,"love, caring, disapproval, approval, nervousness, relief, joy, anger, sadness, gratitude, disappointment"
RELATIONSHIPS & SOCIAL LIFE,Family,mom,"love, caring, disapproval, approval, nervousness, relief, joy, anger, sadness, gratitude, disappointment"
RELATIONSHIPS & SOCIAL LIFE,Family,dad,"love, caring, disapproval, approval, nervousness, relief, joy, anger, sadness, gratitude, disappointment"
RELATIONSHIPS & SOCIAL LIFE,Family,brother,"love, caring, disapproval, approval, nervousness, relief, joy, anger, sadness, gratitude, disappointment"
RELATIONSHIPS & SOCIAL LIFE,Family,sister,"love, caring, disapproval, approval, nervousness, relief, joy, anger, sadness, gratitude, disappointment"
RELATIONSHIPS & SOCIAL LIFE,Family,stepmother,"love, caring, disapproval, approval, nervousness, relief, joy, anger, sadness, gratitude, disappointment"
RELATIONSHIPS & SOCIAL LIFE,Family,stepfather,"love, caring, disapproval, approval, nervousness, relief, joy, anger, sadness, gratitude, disappointment"
RELATIONSHIPS & SOCIAL LIFE,Family,stepsister,"love, caring, disapproval, approval, nervousness, relief, joy, anger, sadness, gratitude, disappointment"
RELATIONSHIPS & SOCIAL LIFE,Family,stepbrother,"love, caring, disapproval, approval, nervousness, relief, joy, anger, sadness, gratitude, disappointment"
RELATIONSHIPS & SOCIAL LIFE,Family,guardian,"love, caring, disapproval, approval, nervousness, relief, joy, anger, sadness, gratitude, disappointment"
RELATIONSHIPS & SOCIAL LIFE,Family,foster family,"love, caring, disapproval, approval, nervousness, relief, joy, anger, sadness, gratitude, disappointment"
RELATIONSHIPS & SOCIAL LIFE,Family,godparent,"love, caring, disapproval, approval, nervousness, relief, joy, anger, sadness, gratitude, disappointment"
RELATIONSHIPS & SOCIAL LIFE,Family,niece,"love, caring, disapproval, approval, nervousness, relief, joy, anger, sadness, gratitude, disappointment"
RELATIONSHIPS & SOCIAL LIFE,Family,nephew,"love, caring, disapproval, approval, nervousness, relief, joy, anger, sadness, gratitude, disappointment"
RELATIONSHIPS & SOCIAL LIFE,Family,relatives,"love, caring, disapproval, approval, nervousness, relief, joy, anger, sadness, gratitude, disappointment"
RELATIONSHIPS & SOCIAL LIFE,Family,kin,"love, caring, disapproval, approval, nervousness, relief, joy, anger, sadness, gratitude, disappointment"
RELATIONSHIPS & SOCIAL LIFE,Family,ancestors,"love, caring, disapproval, approval, nervousness, relief, joy, anger, sadness, gratitude, disappointment"
RELATIONSHIPS & SOCIAL LIFE,Family,descendants,"love, caring, disapproval, approval, nervousness, relief, joy, anger, sadness, gratitude, disappointment"
RELATIONSHIPS & SOCIAL LIFE,Family,heirloom,"love, caring, disapproval, approval, nervousness, relief, joy, anger, sadness, gratitude, disappointment"
RELATIONSHIPS & SOCIAL LIFE,Family,family home,"love, caring, disapproval, approval, nervousness, relief, joy, anger, sadness, gratitude, disappointment"
RELATIONSHIPS & SOCIAL LIFE,Family,family car,"love, caring, disapproval, approval, nervousness, relief, joy, anger, sadness, gratitude, disappointment"
RELATIONSHIPS & SOCIAL LIFE,Family,childhood home,"love, caring, disapproval, approval, nervousness, relief, joy, anger, sadness, gratitude, disappointment"
RELATIONSHIPS & SOCIAL LIFE,Family,nuclear family,"love, caring, disapproval, approval, nervousness, relief, joy, anger, sadness, gratitude, disappointment"
RELATIONSHIPS & SOCIAL LIFE,Family,extended family,"love, caring, disapproval, approval, nervousness, relief, joy, anger, sadness, gratitude, disappointment"
RELATIONSHIPS & SOCIAL LIFE,Family,blended family,"love, caring, disapproval, approval, nervousness, relief, joy, anger, sadness, gratitude, disappointment"
RELATIONSHIPS & SOCIAL LIFE,Family,single parent,"love, caring, disapproval, approval, nervousness, relief, joy, anger, sadness, gratitude, disappointment"
RELATIONSHIPS & SOCIAL LIFE,Family,only child,"love, caring, disapproval, approval, nervousness, relief, joy, anger, sadness, gratitude, disappointment"
RELATIONSHIPS & SOCIAL LIFE,Family,family rules,"love, caring, disapproval, approval, nervousness, relief, joy, anger, sadness, gratitude, disappointment"
RELATIONSHIPS & SOCIAL LIFE,Family,allowance,"love, caring, disapproval, approval, nervousness, relief, joy, anger, sadness, gratitude, disappointment"
RELATIONSHIPS & SOCIAL LIFE,Family,bedtime,"love, caring, disapproval, approval, nervousness, relief, joy, anger, sadness, gratitude, disappointment"
RELATIONSHIPS & SOCIAL LIFE,Family,curfew,"love, caring, disapproval, approval, nervousness, relief, joy, anger, sadness, gratitude, disappointment"
RELATIONSHIPS & SOCIAL LIFE,Family,family meeting,"love, caring, disapproval, approval, nervousness, relief, joy, anger, sadness, gratitude, disappointment"
RELATIONSHIPS & SOCIAL LIFE,Family,game night,"love, caring, disapproval, approval, nervousness, relief, joy, anger, sadness, gratitude, disappointment"
RELATIONSHIPS & SOCIAL LIFE,Family,Sunday roast,"love, caring, disapproval, approval, nervousness, relief, joy, anger, sadness, gratitude, disappointment"
RELATIONSHIPS & SOCIAL LIFE,Family,holiday meal,"love, caring, disapproval, approval, nervousness, relief, joy, anger, sadness, gratitude, disappointment"
RELATIONSHIPS & SOCIAL LIFE,Family,birthday party,"love, caring, disapproval, approval, nervousness, relief, joy, anger, sadness, gratitude, disappointment"
RELATIONSHIPS & SOCIAL LIFE,Family,anniversary,"love, caring, disapproval, approval, nervousness, relief, joy, anger, sadness, gratitude, disappointment"
RELATIONSHIPS & SOCIAL LIFE,Family,funeral,"love, caring, disapproval, approval, nervousness, relief, joy, anger, sadness, gratitude, disappointment"
RELATIONSHIPS & SOCIAL LIFE,Family,wedding,"love, caring, disapproval, approval, nervousness, relief, joy, anger, sadness, gratitude, disappointment"
RELATIONSHIPS & SOCIAL LIFE,Family,family vacation,"love, caring, disapproval, approval, nervousness, relief, joy, anger, sadness, gratitude, disappointment"
RELATIONSHIPS & SOCIAL LIFE,Family,road trip,"love, caring, disapproval, approval, nervousness, relief, joy, anger, sadness, gratitude, disappointment"
RELATIONSHIPS & SOCIAL LIFE,Family,photo album,"love, caring, disapproval, approval, nervousness, relief, joy, anger, sadness, gratitude, disappointment"
RELATIONSHIPS & SOCIAL LIFE,Family,home video,"love, caring, disapproval, approval, nervousness, relief, joy, anger, sadness, gratitude, disappointment"
RELATIONSHIPS & SOCIAL LIFE,Family,family story,"love, caring, disapproval, approval, nervousness, relief, joy, anger, sadness, gratitude, disappointment"
RELATIONSHIPS & SOCIAL LIFE,Family,family tree,"love, caring, disapproval, approval, nervousness, relief, joy, anger, sadness, gratitude, disappointment"
RELATIONSHIPS & SOCIAL LIFE,Family,legacy,"love, caring, disapproval, approval, nervousness, relief, joy, anger, sadness, gratitude, disappointment"
RELATIONSHIPS & SOCIAL LIFE,Family,roots,"love, caring, disapproval, approval, nervousness, relief, joy, anger, sadness, gratitude, disappointment"
RELATIONSHIPS & SOCIAL LIFE,Family,heritage,"love, caring, disapproval, approval, nervousness, relief, joy, anger, sadness, gratitude, disappointment"
RELATIONSHIPS & SOCIAL LIFE,Family,culture,"love, caring, disapproval, approval, nervousness, relief, joy, anger, sadness, gratitude, disappointment"
RELATIONSHIPS & SOCIAL LIFE,Family,family name,"love, caring, disapproval, approval, nervousness, relief, joy, anger, sadness, gratitude, disappointment"
RELATIONSHIPS & SOCIAL LIFE,Family,values,"love, caring, disapproval, approval, nervousness, relief, joy, anger, sadness, gratitude, disappointment"
RELATIONSHIPS & SOCIAL LIFE,Family,expectations,"love, caring, disapproval, approval, nervousness, relief, joy, anger, sadness, gratitude, disappointment"
RELATIONSHIPS & SOCIAL LIFE,Family,pressure,"love, caring, disapproval, approval, nervousness, relief, joy, anger, sadness, gratitude, disappointment"
RELATIONSHIPS & SOCIAL LIFE,Family,favoritism,"love, caring, disapproval, approval, nervousness, relief, joy, anger, sadness, gratitude, disappointment"
RELATIONSHIPS & SOCIAL LIFE,Family,black sheep,"love, caring, disapproval, approval, nervousness, relief, joy, anger, sadness, gratitude, disappointment"
RELATIONSHIPS & SOCIAL LIFE,Family,golden child,"love, caring, disapproval, approval, nervousness, relief, joy, anger, sadness, gratitude, disappointment"
RELATIONSHIPS & SOCIAL LIFE,Family,middle child,"love, caring, disapproval, approval, nervousness, relief, joy, anger, sadness, gratitude, disappointment"
RELATIONSHIPS & SOCIAL LIFE,Family,oldest,"love, caring, disapproval, approval, nervousness, relief, joy, anger, sadness, gratitude, disappointment"
RELATIONSHIPS & SOCIAL LIFE,Family,youngest,"love, caring, disapproval, approval, nervousness, relief, joy, anger, sadness, gratitude, disappointment"
RELATIONSHIPS & SOCIAL LIFE,Family,empty nest,"love, caring, disapproval, approval, nervousness, relief, joy, anger, sadness, gratitude, disappointment"
RELATIONSHIPS & SOCIAL LIFE,Family,boomerang kid,"love, caring, disapproval, approval, nervousness, relief, joy, anger, sadness, gratitude, disappointment"
RELATIONSHIPS & SOCIAL LIFE,Family,caregiver,"love, caring, disapproval, approval, nervousness, relief, joy, anger, sadness, gratitude, disappointment"
RELATIONSHIPS & SOCIAL LIFE,Family,elderly parents,"love, caring, disapproval, approval, nervousness, relief, joy, anger, sadness, gratitude, disappointment"
RELATIONSHIPS & SOCIAL LIFE,Family,inheritance,"love, caring, disapproval, approval, nervousness, relief, joy, anger, sadness, gratitude, disappointment"
RELATIONSHIPS & SOCIAL LIFE,Family,will,"love, caring, disapproval, approval, nervousness, relief, joy, anger, sadness, gratitude, disappointment"
RELATIONSHIPS & SOCIAL LIFE,Family,family business,"love, caring, disapproval, approval, nervousness, relief, joy, anger, sadness, gratitude, disappointment"
RELATIONSHIPS & SOCIAL LIFE,Family,family support,"love, caring, disapproval, approval, nervousness, relief, joy, anger, sadness, gratitude, disappointment"
RELATIONSHIPS & SOCIAL LIFE,Family,family conflict,"love, caring, disapproval, approval, nervousness, relief, joy, anger, sadness, gratitude, disappointment"
RELATIONSHIPS & SOCIAL LIFE,Family,dysfunction,"love, caring, disapproval, approval, nervousness, relief, joy, anger, sadness, gratitude, disappointment"
RELATIONSHIPS & SOCIAL LIFE,Family,reconciliation,"love, caring, disapproval, approval, nervousness, relief, joy, anger, sadness, gratitude, disappointment"
RELATIONSHIPS & SOCIAL LIFE,Family,unconditional love,"love, caring, disapproval, approval, nervousness, relief, joy, anger, sadness, gratitude, disappointment"
RELATIONSHIPS & SOCIAL LIFE,Family,tough love,"love, caring, disapproval, approval, nervousness, relief, joy, anger, sadness, gratitude, disappointment"
RELATIONSHIPS & SOCIAL LIFE,Family,tension,"love, caring, disapproval, approval, nervousness, relief, joy, anger, sadness, gratitude, disappointment"
RELATIONSHIPS & SOCIAL LIFE,Family,peace,"love, caring, disapproval, approval, nervousness, relief, joy, anger, sadness, gratitude, disappointment"
RELATIONSHIPS & SOCIAL LIFE,Family,harmony,"love, caring, disapproval, approval, nervousness, relief, joy, anger, sadness, gratitude, disappointment"
RELATIONSHIPS & SOCIAL LIFE,Family,chaos,"love, caring, disapproval, approval, nervousness, relief, joy, anger, sadness, gratitude, disappointment"
RELATIONSHIPS & SOCIAL LIFE,Friendship,friend,"love, caring, admiration, gratitude, neutral, approval, grief, sadness"
RELATIONSHIPS & SOCIAL LIFE,Friendship,best friend,"love, caring, admiration, gratitude, neutral, approval, grief, sadness"
RELATIONSHIPS & SOCIAL LIFE,Friendship,hang out,"love, caring, admiration, gratitude, neutral, approval, grief, sadness"
RELATIONSHIPS & SOCIAL LIFE,Friendship,trust,"love, caring, admiration, gratitude, neutral, approval, grief, sadness"
RELATIONSHIPS & SOCIAL LIFE,Friendship,companionship,"love, caring, admiration, gratitude, neutral, approval, grief, sadness"
RELATIONSHIPS & SOCIAL LIFE,Friendship,betrayal,"love, caring, admiration, gratitude, neutral, approval, grief, sadness"
RELATIONSHIPS & SOCIAL LIFE,Friendship,hug,"love, caring, admiration, gratitude, neutral, approval, grief, sadness"
RELATIONSHIPS & SOCIAL LIFE,Friendship,buddy,"love, caring, admiration, gratitude, neutral, approval, grief, sadness"
RELATIONSHIPS & SOCIAL LIFE,Friendship,pal,"love, caring, admiration, gratitude, neutral, approval, grief, sadness"
RELATIONSHIPS & SOCIAL LIFE,Friendship,mate,"love, caring, admiration, gratitude, neutral, approval, grief, sadness"
RELATIONSHIPS & SOCIAL LIFE,Friendship,friendship goals,"love, caring, admiration, gratitude, neutral, approval, grief, sadness"
RELATIONSHIPS & SOCIAL LIFE,Friendship,loyal friend,"love, caring, admiration, gratitude, neutral, approval, grief, sadness"
RELATIONSHIPS & SOCIAL LIFE,Friendship,confidant,"love, caring, admiration, gratitude, neutral, approval, grief, sadness"
RELATIONSHIPS & SOCIAL LIFE,Friendship,peer,"love, caring, admiration, gratitude, neutral, approval, grief, sadness"
RELATIONSHIPS & SOCIAL LIFE,Friendship,squad,"love, caring, admiration, gratitude, neutral, approval, grief, sadness"
RELATIONSHIPS & SOCIAL LIFE,Friendship,social circle,"love, caring, admiration, gratitude, neutral, approval, grief, sadness"
RELATIONSHIPS & SOCIAL LIFE,Friendship,inside joke,"love, caring, admiration, gratitude, neutral, approval, grief, sadness"
RELATIONSHIPS & SOCIAL LIFE,Friendship,support system,"love, caring, admiration, gratitude, neutral, approval, grief, sadness"
RELATIONSHIPS & SOCIAL LIFE,Friendship,gossip,"love, caring, admiration, gratitude, neutral, approval, grief, sadness"
RELATIONSHIPS & SOCIAL LIFE,Friendship,outing,"love, caring, admiration, gratitude, neutral, approval, grief, sadness"
RELATIONSHIPS & SOCIAL LIFE,Friendship,road trip,"love, caring, admiration, gratitude, neutral, approval, grief, sadness"
RELATIONSHIPS & SOCIAL LIFE,Friendship,sleepover,"love, caring, admiration, gratitude, neutral, approval, grief, sadness"
RELATIONSHIPS & SOCIAL LIFE,Friendship,friend request,"love, caring, admiration, gratitude, neutral, approval, grief, sadness"
RELATIONSHIPS & SOCIAL LIFE,Friendship,messaging,"love, caring, admiration, gratitude, neutral, approval, grief, sadness"
RELATIONSHIPS & SOCIAL LIFE,Friendship,group chat,"love, caring, admiration, gratitude, neutral, approval, grief, sadness"
RELATIONSHIPS & SOCIAL LIFE,Friendship,club,"love, caring, admiration, gratitude, neutral, approval, grief, sadness"
RELATIONSHIPS & SOCIAL LIFE,Friendship,teammate,"love, caring, admiration, gratitude, neutral, approval, grief, sadness"
RELATIONSHIPS & SOCIAL LIFE,Friendship,acquaintance,"love, caring, admiration, gratitude, neutral, approval, grief, sadness"
RELATIONSHIPS & SOCIAL LIFE,Friendship,close friend,"love, caring, admiration, gratitude, neutral, approval, grief, sadness"
RELATIONSHIPS & SOCIAL LIFE,Friendship,childhood friend,"love, caring, admiration, gratitude, neutral, approval, grief, sadness"
RELATIONSHIPS & SOCIAL LIFE,Friendship,school friend,"love, caring, admiration, gratitude, neutral, approval, grief, sadness"
RELATIONSHIPS & SOCIAL LIFE,Friendship,work friend,"love, caring, admiration, gratitude, neutral, approval, grief, sadness"
RELATIONSHIPS & SOCIAL LIFE,Friendship,online friend,"love, caring, admiration, gratitude, neutral, approval, grief, sadness"
RELATIONSHIPS & SOCIAL LIFE,Friendship,pen pal,"love, caring, admiration, gratitude, neutral, approval, grief, sadness"
RELATIONSHIPS & SOCIAL LIFE,Friendship,BFF,"love, caring, admiration, gratitude, neutral, approval, grief, sadness"
RELATIONSHIPS & SOCIAL LIFE,Friendship,ride or die,"love, caring, admiration, gratitude, neutral, approval, grief, sadness"
RELATIONSHIPS & SOCIAL LIFE,Friendship,partner in crime,"love, caring, admiration, gratitude, neutral, approval, grief, sadness"
RELATIONSHIPS & SOCIAL LIFE,Friendship,shoulder to cry on,"love, caring, admiration, gratitude, neutral, approval, grief, sadness"
RELATIONSHIPS & SOCIAL LIFE,Friendship,trust issues,"love, caring, admiration, gratitude, neutral, approval, grief, sadness"
RELATIONSHIPS & SOCIAL LIFE,Friendship,drift apart,"love, caring, admiration, gratitude, neutral, approval, grief, sadness"
RELATIONSHIPS & SOCIAL LIFE,Friendship,falling out,"love, caring, admiration, gratitude, neutral, approval, grief, sadness"
RELATIONSHIPS & SOCIAL LIFE,Friendship,reconciliation,"love, caring, admiration, gratitude, neutral, approval, grief, sadness"
RELATIONSHIPS & SOCIAL LIFE,Friendship,forgiveness,"love, caring, admiration, gratitude, neutral, approval, grief, sadness"
RELATIONSHIPS & SOCIAL LIFE,Friendship,apology,"love, caring, admiration, gratitude, neutral, approval, grief, sadness"
RELATIONSHIPS & SOCIAL LIFE,Friendship,loyalty,"love, caring, admiration, gratitude, neutral, approval, grief, sadness"
RELATIONSHIPS & SOCIAL LIFE,Friendship,reliability,"love, caring, admiration, gratitude, neutral, approval, grief, sadness"
RELATIONSHIPS & SOCIAL LIFE,Friendship,dependability,"love, caring, admiration, gratitude, neutral, approval, grief, sadness"
RELATIONSHIPS & SOCIAL LIFE,Friendship,frenemy,"love, caring, admiration, gratitude, neutral, approval, grief, sadness"
RELATIONSHIPS & SOCIAL LIFE,Friendship,toxic friendship,"love, caring, admiration, gratitude, neutral, approval, grief, sadness"
RELATIONSHIPS & SOCIAL LIFE,Friendship,friendship breakup,"love, caring, admiration, gratitude, neutral, approval, grief, sadness"
RELATIONSHIPS & SOCIAL LIFE,Friendship,platonic love,"love, caring, admiration, gratitude, neutral, approval, grief, sadness"
RELATIONSHIPS & SOCIAL LIFE,Friendship,brotherhood,"love, caring, admiration, gratitude, neutral, approval, grief, sadness"
RELATIONSHIPS & SOCIAL LIFE,Friendship,sisterhood,"love, caring, admiration, gratitude, neutral, approval, grief, sadness"
RELATIONSHIPS & SOCIAL LIFE,Friendship,solidarity,"love, caring, admiration, gratitude, neutral, approval, grief, sadness"
RELATIONSHIPS & SOCIAL LIFE,Friendship,team spirit,"love, caring, admiration, gratitude, neutral, approval, grief, sadness"
RELATIONSHIPS & SOCIAL LIFE,Friendship,double date,"love, caring, admiration, gratitude, neutral, approval, grief, sadness"
RELATIONSHIPS & SOCIAL LIFE,Friendship,night out,"love, caring, admiration, gratitude, neutral, approval, grief, sadness"
RELATIONSHIPS & SOCIAL LIFE,Friendship,coffee date,"love, caring, admiration, gratitude, neutral, approval, grief, sadness"
RELATIONSHIPS & SOCIAL LIFE,Friendship,study session,"love, caring, admiration, gratitude, neutral, approval, grief, sadness"
RELATIONSHIPS & SOCIAL LIFE,Friendship,gym buddy,"love, caring, admiration, gratitude, neutral, approval, grief, sadness"
RELATIONSHIPS & SOCIAL LIFE,Friendship,travel companion,"love, caring, admiration, gratitude, neutral, approval, grief, sadness"
RELATIONSHIPS & SOCIAL LIFE,Friendship,venting,"love, caring, admiration, gratitude, neutral, approval, grief, sadness"
RELATIONSHIPS & SOCIAL LIFE,Friendship,advice,"love, caring, admiration, gratitude, neutral, approval, grief, sadness"
RELATIONSHIPS & SOCIAL LIFE,Friendship,celebration,"love, caring, admiration, gratitude, neutral, approval, grief, sadness"
RELATIONSHIPS & SOCIAL LIFE,Friendship,congratulations,"love, caring, admiration, gratitude, neutral, approval, grief, sadness"
RELATIONSHIPS & SOCIAL LIFE,Friendship,sympathy,"love, caring, admiration, gratitude, neutral, approval, grief, sadness"
RELATIONSHIPS & SOCIAL LIFE,Friendship,encouragement,"love, caring, admiration, gratitude, neutral, approval, grief, sadness"
RELATIONSHIPS & SOCIAL LIFE,Friendship,friendiversary,"love, caring, admiration, gratitude, neutral, approval, grief, sadness"
RELATIONSHIPS & SOCIAL LIFE,Friendship,memory,"love, caring, admiration, gratitude, neutral, approval, grief, sadness"
RELATIONSHIPS & SOCIAL LIFE,Friendship,shared experience,"love, caring, admiration, gratitude, neutral, approval, grief, sadness"
RELATIONSHIPS & SOCIAL LIFE,Friendship,common interest,"love, caring, admiration, gratitude, neutral, approval, grief, sadness"
RELATIONSHIPS & SOCIAL LIFE,Friendship,mutual friend,"love, caring, admiration, gratitude, neutral, approval, grief, sadness"
RELATIONSHIPS & SOCIAL LIFE,Friendship,social media friends,"love, caring, admiration, gratitude, neutral, approval, grief, sadness"
RELATIONSHIPS & SOCIAL LIFE,Friendship,ignore,"love, caring, admiration, gratitude, neutral, approval, grief, sadness"
RELATIONSHIPS & SOCIAL LIFE,Friendship,new friend,"love, caring, admiration, gratitude, neutral, approval, grief, sadness"
RELATIONSHIPS & SOCIAL LIFE,Friendship,old friend,"love, caring, admiration, gratitude, neutral, approval, grief, sadness"
RELATIONSHIPS & SOCIAL LIFE,Friendship,long-distance friendship,"love, caring, admiration, gratitude, neutral, approval, grief, sadness"
RELATIONSHIPS & SOCIAL LIFE,Friendship,growing apart,"love, caring, admiration, gratitude, neutral, approval, grief, sadness"
RELATIONSHIPS & SOCIAL LIFE,Friendship,jealousy,"love, caring, admiration, gratitude, neutral, approval, grief, sadness"
RELATIONSHIPS & SOCIAL LIFE,Friendship,competition,"love, caring, admiration, gratitude, neutral, approval, grief, sadness"
RELATIONSHIPS & SOCIAL LIFE,Friendship,comparison,"love, caring, admiration, gratitude, neutral, approval, grief, sadness"
RELATIONSHIPS & SOCIAL LIFE,Friendship,third wheel,"love, caring, admiration, gratitude, neutral, approval, grief, sadness"
RELATIONSHIPS & SOCIAL LIFE,Love life,love,"love, caring, joy, admiration, desire, surprise, disappointment, sadness, gratitude"
RELATIONSHIPS & SOCIAL LIFE,Love life,crush,"love, caring, joy, admiration, desire, surprise, disappointment, sadness, gratitude"
RELATIONSHIPS & SOCIAL LIFE,Love life,boyfriend,"love, caring, joy, admiration, desire, surprise, disappointment, sadness, gratitude"
RELATIONSHIPS & SOCIAL LIFE,Love life,girlfriend,"love, caring, joy, admiration, desire, surprise, disappointment, sadness, gratitude"
RELATIONSHIPS & SOCIAL LIFE,Love life,heartbreak,"love, caring, joy, admiration, desire, surprise, disappointment, sadness, gratitude"
RELATIONSHIPS & SOCIAL LIFE,Love life,date,"love, caring, joy, admiration, desire, surprise, disappointment, sadness, gratitude"
RELATIONSHIPS & SOCIAL LIFE,Love life,relationship,"love, caring, joy, admiration, desire, surprise, disappointment, sadness, gratitude"
RELATIONSHIPS & SOCIAL LIFE,Love life,intimacy,"love, caring, joy, admiration, desire, surprise, disappointment, sadness, gratitude"
RELATIONSHIPS & SOCIAL LIFE,Love life,break up,"love, caring, joy, admiration, desire, surprise, disappointment, sadness, gratitude"
RELATIONSHIPS & SOCIAL LIFE,Love life,partner,"love, caring, joy, admiration, desire, surprise, disappointment, sadness, gratitude"
RELATIONSHIPS & SOCIAL LIFE,Love life,romantic,"love, caring, joy, admiration, desire, surprise, disappointment, sadness, gratitude"
RELATIONSHIPS & SOCIAL LIFE,Love life,soulmate,"love, caring, joy, admiration, desire, surprise, disappointment, sadness, gratitude"
RELATIONSHIPS & SOCIAL LIFE,Love life,passion,"love, caring, joy, admiration, desire, surprise, disappointment, sadness, gratitude"
RELATIONSHIPS & SOCIAL LIFE,Love life,affection,"love, caring, joy, admiration, desire, surprise, disappointment, sadness, gratitude"
RELATIONSHIPS & SOCIAL LIFE,Love life,flirting,"love, caring, joy, admiration, desire, surprise, disappointment, sadness, gratitude"
RELATIONSHIPS & SOCIAL LIFE,Love life,flirty,"love, caring, joy, admiration, desire, surprise, disappointment, sadness, gratitude"
RELATIONSHIPS & SOCIAL LIFE,Love life,proposal,"love, caring, joy, admiration, desire, surprise, disappointment, sadness, gratitude"
RELATIONSHIPS & SOCIAL LIFE,Love life,engagement,"love, caring, joy, admiration, desire, surprise, disappointment, sadness, gratitude"
RELATIONSHIPS & SOCIAL LIFE,Love life,marriage,"love, caring, joy, admiration, desire, surprise, disappointment, sadness, gratitude"
RELATIONSHIPS & SOCIAL LIFE,Love life,wedding,"love, caring, joy, admiration, desire, surprise, disappointment, sadness, gratitude"
RELATIONSHIPS & SOCIAL LIFE,Love life,wife,"love, caring, joy, admiration, desire, surprise, disappointment, sadness, gratitude"
RELATIONSHIPS & SOCIAL LIFE,Love life,husband,"love, caring, joy, admiration, desire, surprise, disappointment, sadness, gratitude"
RELATIONSHIPS & SOCIAL LIFE,Love life,spouse,"love, caring, joy, admiration, desire, surprise, disappointment, sadness, gratitude"
RELATIONSHIPS & SOCIAL LIFE,Love life,commitment,"love, caring, joy, admiration, desire, surprise, disappointment, sadness, gratitude"
RELATIONSHIPS & SOCIAL LIFE,Love life,jealousy,"love, caring, joy, admiration, desire, surprise, disappointment, sadness, gratitude"
RELATIONSHIPS & SOCIAL LIFE,Love life,longing,"love, caring, joy, admiration, desire, surprise, disappointment, sadness, gratitude"
RELATIONSHIPS & SOCIAL LIFE,Love life,lust,"love, caring, joy, admiration, desire, surprise, disappointment, sadness, gratitude"
RELATIONSHIPS & SOCIAL LIFE,Love life,cuddle,"love, caring, joy, admiration, desire, surprise, disappointment, sadness, gratitude"
RELATIONSHIPS & SOCIAL LIFE,Love life,anniversary,"love, caring, joy, admiration, desire, surprise, disappointment, sadness, gratitude"
RELATIONSHIPS & SOCIAL LIFE,Love life,romantic gesture,"love, caring, joy, admiration, desire, surprise, disappointment, sadness, gratitude"
RELATIONSHIPS & SOCIAL LIFE,Love life,love letter,"love, caring, joy, admiration, desire, surprise, disappointment, sadness, gratitude"
RELATIONSHIPS & SOCIAL LIFE,Love life,secret admirer,"love, caring, joy, admiration, desire, surprise, disappointment, sadness, gratitude"
RELATIONSHIPS & SOCIAL LIFE,Love life,unrequited love,"love, caring, joy, admiration, desire, surprise, disappointment, sadness, gratitude"
RELATIONSHIPS & SOCIAL LIFE,Love life,significant other,"love, caring, joy, admiration, desire, surprise, disappointment, sadness, gratitude"
RELATIONSHIPS & SOCIAL LIFE,Love life,partner,"love, caring, joy, admiration, desire, surprise, disappointment, sadness, gratitude"
RELATIONSHIPS & SOCIAL LIFE,Love life,lover,"love, caring, joy, admiration, desire, surprise, disappointment, sadness, gratitude"
RELATIONSHIPS & SOCIAL LIFE,Love life,sweetheart,"love, caring, joy, admiration, desire, surprise, disappointment, sadness, gratitude"
RELATIONSHIPS & SOCIAL LIFE,Love life,darling,"love, caring, joy, admiration, desire, surprise, disappointment, sadness, gratitude"
RELATIONSHIPS & SOCIAL LIFE,Love life,better half,"love, caring, joy, admiration, desire, surprise, disappointment, sadness, gratitude"
RELATIONSHIPS & SOCIAL LIFE,Love life,first date,"love, caring, joy, admiration, desire, surprise, disappointment, sadness, gratitude"
RELATIONSHIPS & SOCIAL LIFE,Love life,blind date,"love, caring, joy, admiration, desire, surprise, disappointment, sadness, gratitude"
RELATIONSHIPS & SOCIAL LIFE,Love life,hookup,"love, caring, joy, admiration, desire, surprise, disappointment, sadness, gratitude"
RELATIONSHIPS & SOCIAL LIFE,Love life,casual dating,"love, caring, joy, admiration, desire, surprise, disappointment, sadness, gratitude"
RELATIONSHIPS & SOCIAL LIFE,Love life,serious relationship,"love, caring, joy, admiration, desire, surprise, disappointment, sadness, gratitude"
RELATIONSHIPS & SOCIAL LIFE,Love life,exclusive,"love, caring, joy, admiration, desire, surprise, disappointment, sadness, gratitude"
RELATIONSHIPS & SOCIAL LIFE,Love life,one-night stand,"love, caring, joy, admiration, desire, surprise, disappointment, sadness, gratitude"
RELATIONSHIPS & SOCIAL LIFE,Love life,situationship,"love, caring, joy, admiration, desire, surprise, disappointment, sadness, gratitude"
RELATIONSHIPS & SOCIAL LIFE,Love life,long-distance relationship,"love, caring, joy, admiration, desire, surprise, disappointment, sadness, gratitude"
RELATIONSHIPS & SOCIAL LIFE,Love life,open relationship,"love, caring, joy, admiration, desire, surprise, disappointment, sadness, gratitude"
RELATIONSHIPS & SOCIAL LIFE,Love life,polyamory,"love, caring, joy, admiration, desire, surprise, disappointment, sadness, gratitude"
RELATIONSHIPS & SOCIAL LIFE,Love life,infatuation,"love, caring, joy, admiration, desire, surprise, disappointment, sadness, gratitude"
RELATIONSHIPS & SOCIAL LIFE,Love life,puppy love,"love, caring, joy, admiration, desire, surprise, disappointment, sadness, gratitude"
RELATIONSHIPS & SOCIAL LIFE,Love life,chemistry,"love, caring, joy, admiration, desire, surprise, disappointment, sadness, gratitude"
RELATIONSHIPS & SOCIAL LIFE,Love life,spark,"love, caring, joy, admiration, desire, surprise, disappointment, sadness, gratitude"
RELATIONSHIPS & SOCIAL LIFE,Love life,connection,"love, caring, joy, admiration, desire, surprise, disappointment, sadness, gratitude"
RELATIONSHIPS & SOCIAL LIFE,Love life,butterflies,"love, caring, joy, admiration, desire, surprise, disappointment, sadness, gratitude"
RELATIONSHIPS & SOCIAL LIFE,Love life,honeymoon phase,"love, caring, joy, admiration, desire, surprise, disappointment, sadness, gratitude"
RELATIONSHIPS & SOCIAL LIFE,Love life,settling down,"love, caring, joy, admiration, desire, surprise, disappointment, sadness, gratitude"
RELATIONSHIPS & SOCIAL LIFE,Love life,moving in,"love, caring, joy, admiration, desire, surprise, disappointment, sadness, gratitude"
RELATIONSHIPS & SOCIAL LIFE,Love life,sex,"love, caring, joy, admiration, desire, surprise, disappointment, sadness, gratitude"
RELATIONSHIPS & SOCIAL LIFE,Love life,meet the parents,"love, caring, joy, admiration, desire, surprise, disappointment, sadness, gratitude"
RELATIONSHIPS & SOCIAL LIFE,Love life,growing old together,"love, caring, joy, admiration, desire, surprise, disappointment, sadness, gratitude"
RELATIONSHIPS & SOCIAL LIFE,Love life,separation,"love, caring, joy, admiration, desire, surprise, disappointment, sadness, gratitude"
RELATIONSHIPS & SOCIAL LIFE,Love life,divorce,"love, caring, joy, admiration, desire, surprise, disappointment, sadness, gratitude"
RELATIONSHIPS & SOCIAL LIFE,Love life,split,"love, caring, joy, admiration, desire, surprise, disappointment, sadness, gratitude"
RELATIONSHIPS & SOCIAL LIFE,Love life,dumped,"love, caring, joy, admiration, desire, surprise, disappointment, sadness, gratitude"
RELATIONSHIPS & SOCIAL LIFE,Love life,ghosted,"love, caring, joy, admiration, desire, surprise, disappointment, sadness, gratitude"
RELATIONSHIPS & SOCIAL LIFE,Love life,cheating,"love, caring, joy, admiration, desire, surprise, disappointment, sadness, gratitude"
RELATIONSHIPS & SOCIAL LIFE,Love life,affair,"love, caring, joy, admiration, desire, surprise, disappointment, sadness, gratitude"
RELATIONSHIPS & SOCIAL LIFE,Love life,unfaithful,"love, caring, joy, admiration, desire, surprise, disappointment, sadness, gratitude"
RELATIONSHIPS & SOCIAL LIFE,Love life,reconciliation,"love, caring, joy, admiration, desire, surprise, disappointment, sadness, gratitude"
RELATIONSHIPS & SOCIAL LIFE,Love life,second chance,"love, caring, joy, admiration, desire, surprise, disappointment, sadness, gratitude"
RELATIONSHIPS & SOCIAL LIFE,Love life,on-again-off-again,"love, caring, joy, admiration, desire, surprise, disappointment, sadness, gratitude"
RELATIONSHIPS & SOCIAL LIFE,Love life,toxic relationship,"love, caring, joy, admiration, desire, surprise, disappointment, sadness, gratitude"
RELATIONSHIPS & SOCIAL LIFE,Love life,codependency,"love, caring, joy, admiration, desire, surprise, disappointment, sadness, gratitude"
RELATIONSHIPS & SOCIAL LIFE,Love life,arguments,"love, caring, joy, admiration, desire, surprise, disappointment, sadness, gratitude"
RELATIONSHIPS & SOCIAL LIFE,Love life,makeup sex,"love, caring, joy, admiration, desire, surprise, disappointment, sadness, gratitude"
RELATIONSHIPS & SOCIAL LIFE,Love life,couples therapy,"love, caring, joy, admiration, desire, surprise, disappointment, sadness, gratitude"
RELATIONSHIPS & SOCIAL LIFE,Love life,love language,"love, caring, joy, admiration, desire, surprise, disappointment, sadness, gratitude"
RELATIONSHIPS & SOCIAL LIFE,Love life,quality time,"love, caring, joy, admiration, desire, surprise, disappointment, sadness, gratitude"
RELATIONSHIPS & SOCIAL LIFE,Love life,kiss,"love, caring, joy, admiration, desire, surprise, disappointment, sadness, gratitude"
RELATIONSHIPS & SOCIAL LIFE,Love life,embrace,"love, caring, joy, admiration, desire, surprise, disappointment, sadness, gratitude"
RELATIONSHIPS & SOCIAL LIFE,Love life,hold hands,"love, caring, joy, admiration, desire, surprise, disappointment, sadness, gratitude"
RELATIONSHIPS & SOCIAL LIFE,Love life,making love,"love, caring, joy, admiration, desire, surprise, disappointment, sadness, gratitude"
RELATIONSHIPS & SOCIAL LIFE,Love life,attraction,"love, caring, joy, admiration, desire, surprise, disappointment, sadness, gratitude"
RELATIONSHIPS & SOCIAL LIFE,Love life,desire,"love, caring, joy, admiration, desire, surprise, disappointment, sadness, gratitude"
RELATIONSHIPS & SOCIAL LIFE,Love life,yearning,"love, caring, joy, admiration, desire, surprise, disappointment, sadness, gratitude"
RELATIONSHIPS & SOCIAL LIFE,Love life,pining,"love, caring, joy, admiration, desire, surprise, disappointment, sadness, gratitude"
RELATIONSHIPS & SOCIAL LIFE,Love life,obsession,"love, caring, joy, admiration, desire, surprise, disappointment, sadness, gratitude"
RELATIONSHIPS & SOCIAL LIFE,Love life,possessiveness,"love, caring, joy, admiration, desire, surprise, disappointment, sadness, gratitude"
RELATIONSHIPS & SOCIAL LIFE,Love life,control,"love, caring, joy, admiration, desire, surprise, disappointment, sadness, gratitude"
RELATIONSHIPS & SOCIAL LIFE,Love life,manipulation,"love, caring, joy, admiration, desire, surprise, disappointment, sadness, gratitude"
RELATIONSHIPS & SOCIAL LIFE,Love life,gaslighting,"love, caring, joy, admiration, desire, surprise, disappointment, sadness, gratitude"
RELATIONSHIPS & SOCIAL LIFE,Love life,trust issues,"love, caring, joy, admiration, desire, surprise, disappointment, sadness, gratitude"
RELATIONSHIPS & SOCIAL LIFE,Love life,vulnerability,"love, caring, joy, admiration, desire, surprise, disappointment, sadness, gratitude"
RELATIONSHIPS & SOCIAL LIFE,Love life,fear of commitment,"love, caring, joy, admiration, desire, surprise, disappointment, sadness, gratitude"
RELATIONSHIPS & SOCIAL LIFE,Love life,fear of abandonment,"love, caring, joy, admiration, desire, surprise, disappointment, sadness, gratitude"
RELATIONSHIPS & SOCIAL LIFE,Conflict/apology,argument,"anger, disappointment, annoyance, disapproval, confusion"
RELATIONSHIPS & SOCIAL LIFE,Conflict/apology,fight,"anger, disappointment, annoyance, disapproval, confusion"
RELATIONSHIPS & SOCIAL LIFE,Conflict/apology,sorry,"anger, disappointment, annoyance, disapproval, confusion"
RELATIONSHIPS & SOCIAL LIFE,Conflict/apology,forgive me,"anger, disappointment, annoyance, disapproval, confusion"
RELATIONSHIPS & SOCIAL LIFE,Conflict/apology,misunderstanding,"anger, disappointment, annoyance, disapproval, confusion"
RELATIONSHIPS & SOCIAL LIFE,Conflict/apology,resentment,"anger, disappointment, annoyance, disapproval, confusion"
RELATIONSHIPS & SOCIAL LIFE,Conflict/apology,disagreement,"anger, disappointment, annoyance, disapproval, confusion"
RELATIONSHIPS & SOCIAL LIFE,Conflict/apology,tension,"anger, disappointment, annoyance, disapproval, confusion"
RELATIONSHIPS & SOCIAL LIFE,Conflict/apology,blame,"anger, disappointment, annoyance, disapproval, confusion"
RELATIONSHIPS & SOCIAL LIFE,Conflict/apology,criticism,"anger, disappointment, annoyance, disapproval, confusion"
RELATIONSHIPS & SOCIAL LIFE,Conflict/apology,harsh words,"anger, disappointment, annoyance, disapproval, confusion"
RELATIONSHIPS & SOCIAL LIFE,Conflict/apology,conflict resolution,"anger, disappointment, annoyance, disapproval, confusion"
RELATIONSHIPS & SOCIAL LIFE,Conflict/apology,regret,"anger, disappointment, annoyance, disapproval, confusion"
RELATIONSHIPS & SOCIAL LIFE,Conflict/apology,insult,"anger, disappointment, annoyance, disapproval, confusion"
RELATIONSHIPS & SOCIAL LIFE,Conflict/apology,quarrel,"anger, disappointment, annoyance, disapproval, confusion"
RELATIONSHIPS & SOCIAL LIFE,Conflict/apology,confrontation,"anger, disappointment, annoyance, disapproval, confusion"
RELATIONSHIPS & SOCIAL LIFE,Conflict/apology,dispute,"anger, disappointment, annoyance, disapproval, confusion"
RELATIONSHIPS & SOCIAL LIFE,Conflict/apology,reconciliation,"anger, disappointment, annoyance, disapproval, confusion"
RELATIONSHIPS & SOCIAL LIFE,Conflict/apology,grudges,"anger, disappointment, annoyance, disapproval, confusion"
RELATIONSHIPS & SOCIAL LIFE,Conflict/apology,yelling,"anger, disappointment, annoyance, disapproval, confusion"
RELATIONSHIPS & SOCIAL LIFE,Conflict/apology,shouting,"anger, disappointment, annoyance, disapproval, confusion"
RELATIONSHIPS & SOCIAL LIFE,Conflict/apology,misunderstanding,"anger, disappointment, annoyance, disapproval, confusion"
RELATIONSHIPS & SOCIAL LIFE,Conflict/apology,anger,"anger, disappointment, annoyance, disapproval, confusion"
RELATIONSHIPS & SOCIAL LIFE,Conflict/apology,conflict management,"anger, disappointment, annoyance, disapproval, confusion"
RELATIONSHIPS & SOCIAL LIFE,Gratitude,thankful,"gratitude, admiration, caring, love"
RELATIONSHIPS & SOCIAL LIFE,Gratitude,grateful,"gratitude, admiration, caring, love"
RELATIONSHIPS & SOCIAL LIFE,Gratitude,appreciation,"gratitude, admiration, caring, love"
RELATIONSHIPS & SOCIAL LIFE,Gratitude,love you,"gratitude, admiration, caring, love"
RELATIONSHIPS & SOCIAL LIFE,Gratitude,cherish,"gratitude, admiration, caring, love"
RELATIONSHIPS & SOCIAL LIFE,Gratitude,blessings,"gratitude, admiration, caring, love"
RELATIONSHIPS & SOCIAL LIFE,Gratitude,gratefulness,"gratitude, admiration, caring, love"
RELATIONSHIPS & SOCIAL LIFE,Gratitude,indebted,"gratitude, admiration, caring, love"
RELATIONSHIPS & SOCIAL LIFE,Gratitude,recognition,"gratitude, admiration, caring, love"
RELATIONSHIPS & SOCIAL LIFE,Gratitude,acknowledgment,"gratitude, admiration, caring, love"
RELATIONSHIPS & SOCIAL LIFE,Gratitude,praise,"gratitude, admiration, caring, love"
RELATIONSHIPS & SOCIAL LIFE,Gratitude,admiration,"gratitude, admiration, caring, love"
RELATIONSHIPS & SOCIAL LIFE,Gratitude,respect,"gratitude, admiration, caring, love"
RELATIONSHIPS & SOCIAL LIFE,Gratitude,heartfelt thanks,"gratitude, admiration, caring, love"
RELATIONSHIPS & SOCIAL LIFE,Gratitude,gratitude note,"gratitude, admiration, caring, love"
RELATIONSHIPS & SOCIAL LIFE,Gratitude,compliment,"gratitude, admiration, caring, love"
RELATIONSHIPS & SOCIAL LIFE,Gratitude,expressing thanks,"gratitude, admiration, caring, love"
RELATIONSHIPS & SOCIAL LIFE,Gratitude,feeling blessed,"gratitude, admiration, caring, love"
RELATIONSHIPS & SOCIAL LIFE,Gratitude,showing appreciation,"gratitude, admiration, caring, love"
RELATIONSHIPS & SOCIAL LIFE,Gratitude,grateful heart,"gratitude, admiration, caring, love"
RELATIONSHIPS & SOCIAL LIFE,Gratitude,thankful for you,"gratitude, admiration, caring, love"
RELATIONSHIPS & SOCIAL LIFE,Social support,support,"joy, gratitude, caring"
RELATIONSHIPS & SOCIAL LIFE,Social support,help,"joy, gratitude, caring"
RELATIONSHIPS & SOCIAL LIFE,Social support,advice,"joy, gratitude, caring"
RELATIONSHIPS & SOCIAL LIFE,Social support,listening,"joy, gratitude, caring"
RELATIONSHIPS & SOCIAL LIFE,Social support,talking,"joy, gratitude, caring"
RELATIONSHIPS & SOCIAL LIFE,Social support,comfort,"joy, gratitude, caring"
RELATIONSHIPS & SOCIAL LIFE,Social support,encouragement,"joy, gratitude, caring"
RELATIONSHIPS & SOCIAL LIFE,Social support,backup,"joy, gratitude, caring"
RELATIONSHIPS & SOCIAL LIFE,Social support,guidance,"joy, gratitude, caring"
RELATIONSHIPS & SOCIAL LIFE,Social support,empathy,"joy, gratitude, caring"
RELATIONSHIPS & SOCIAL LIFE,Social support,emotional support,"joy, gratitude, caring"
RELATIONSHIPS & SOCIAL LIFE,Social support,being there,"joy, gratitude, caring"
RELATIONSHIPS & SOCIAL LIFE,Social support,shoulder to lean on,"joy, gratitude, caring"
RELATIONSHIPS & SOCIAL LIFE,Social support,mentorship,"joy, gratitude, caring"
RELATIONSHIPS & SOCIAL LIFE,Social support,cheering up,"joy, gratitude, caring"
RELATIONSHIPS & SOCIAL LIFE,Social support,consolation,"joy, gratitude, caring"
RELATIONSHIPS & SOCIAL LIFE,Social support,reassurance,"joy, gratitude, caring"
RELATIONSHIPS & SOCIAL LIFE,Social support,solidarity,"joy, gratitude, caring"
RELATIONSHIPS & SOCIAL LIFE,Social support,caring,"joy, gratitude, caring"
RELATIONSHIPS & SOCIAL LIFE,Social support,checking in,"joy, gratitude, caring"
RELATIONSHIPS & SOCIAL LIFE,Social support,advocacy,"joy, gratitude, caring"
RELATIONSHIPS & SOCIAL LIFE,Social support,resource sharing,"joy, gratitude, caring"
RELATIONSHIPS & SOCIAL LIFE,Social support,hard times,"joy, gratitude, caring"
RELATIONSHIPS & SOCIAL LIFE,Cultural events,festivals,"joy, excitement, amusement"
RELATIONSHIPS & SOCIAL LIFE,Cultural events,fairs,"joy, excitement, amusement"
RELATIONSHIPS & SOCIAL LIFE,Cultural events,parades,"joy, excitement, amusement"
RELATIONSHIPS & SOCIAL LIFE,Cultural events,carnivals,"joy, excitement, amusement"
RELATIONSHIPS & SOCIAL LIFE,Cultural events,celebrations,"joy, excitement, amusement"
RELATIONSHIPS & SOCIAL LIFE,Cultural events,traditions,"joy, excitement, amusement"
RELATIONSHIPS & SOCIAL LIFE,Cultural events,holidays,"joy, excitement, amusement"
RELATIONSHIPS & SOCIAL LIFE,Cultural events,rituals,"joy, excitement, amusement"
RELATIONSHIPS & SOCIAL LIFE,Cultural events,cultural performances,"joy, excitement, amusement"
RELATIONSHIPS & SOCIAL LIFE,Cultural events,religious festivals,"joy, excitement, amusement"
RELATIONSHIPS & SOCIAL LIFE,Cultural events,music festivals,"joy, excitement, amusement"
RELATIONSHIPS & SOCIAL LIFE,Cultural events,art exhibitions,"joy, excitement, amusement"
RELATIONSHIPS & SOCIAL LIFE,Cultural events,heritage events,"joy, excitement, amusement"
RELATIONSHIPS & SOCIAL LIFE,Cultural events,community ceremonies,"joy, excitement, amusement"
RELATIONSHIPS & SOCIAL LIFE,Cultural events,cultural workshops,"joy, excitement, amusement"
RELATIONSHIPS & SOCIAL LIFE,Cultural events,storytelling events,"joy, excitement, amusement"
RELATIONSHIPS & SOCIAL LIFE,Cultural events,dance performances,"joy, excitement, amusement"
RELATIONSHIPS & SOCIAL LIFE,Cultural events,costume festivals,"joy, excitement, amusement"
RELATIONSHIPS & SOCIAL LIFE,Cultural events,seasonal festivals,"joy, excitement, amusement"
RELATIONSHIPS & SOCIAL LIFE,Cultural events,folk festivals,"joy, excitement, amusement"
RELATIONSHIPS & SOCIAL LIFE,Cultural events,traditional celebrations,"joy, excitement, amusement"
IDENTITY & SELF-PERCEPTION,Self-esteem,confident,"joy, sadness, pride, remorse, pride, fear"
IDENTITY & SELF-PERCEPTION,Self-esteem,insecure,"joy, sadness, pride, remorse, pride, fear"
IDENTITY & SELF-PERCEPTION,Self-esteem,proud,"joy, sadness, pride, remorse, pride, fear"
IDENTITY & SELF-PERCEPTION,Self-esteem,ashamed,"joy, sadness, pride, remorse, pride, fear"
IDENTITY & SELF-PERCEPTION,Self-esteem,believe in myself,"joy, sadness, pride, remorse, pride, fear"
IDENTITY & SELF-PERCEPTION,Self-esteem,self-worth,"joy, sadness, pride, remorse, pride, fear"
IDENTITY & SELF-PERCEPTION,Self-esteem,self-respect,"joy, sadness, pride, remorse, pride, fear"
IDENTITY & SELF-PERCEPTION,Self-esteem,self-confidence,"joy, sadness, pride, remorse, pride, fear"
IDENTITY & SELF-PERCEPTION,Self-esteem,self-doubt,"joy, sadness, pride, remorse, pride, fear"
IDENTITY & SELF-PERCEPTION,Self-esteem,feeling capable,"joy, sadness, pride, remorse, pride, fear"
IDENTITY & SELF-PERCEPTION,Self-esteem,empowered,"joy, sadness, pride, remorse, pride, fear"
IDENTITY & SELF-PERCEPTION,Self-esteem,feeling small,"joy, sadness, pride, remorse, pride, fear"
IDENTITY & SELF-PERCEPTION,Self-esteem,self-assured,"joy, sadness, pride, remorse, pride, fear"
IDENTITY & SELF-PERCEPTION,Self-esteem,worthy,"joy, sadness, pride, remorse, pride, fear"
IDENTITY & SELF-PERCEPTION,Self-esteem,inadequate,"joy, sadness, pride, remorse, pride, fear"
IDENTITY & SELF-PERCEPTION,Self-esteem,self-image,"joy, sadness, pride, remorse, pride, fear"
IDENTITY & SELF-PERCEPTION,Self-esteem,feeling strong,"joy, sadness, pride, remorse, pride, fear"
IDENTITY & SELF-PERCEPTION,Self-esteem,feeling weak,"joy, sadness, pride, remorse, pride, fear"
IDENTITY & SELF-PERCEPTION,Self-esteem,valuing myself,"joy, sadness, pride, remorse, pride, fear"
IDENTITY & SELF-PERCEPTION,Self-esteem,feeling accomplished,"joy, sadness, pride, remorse, pride, fear"
IDENTITY & SELF-PERCEPTION,Self-esteem,self-love,"joy, sadness, pride, remorse, pride, fear"
IDENTITY & SELF-PERCEPTION,Self-esteem,self-acceptance,"joy, sadness, pride, remorse, pride, fear"
IDENTITY & SELF-PERCEPTION,Self-esteem,feeling inferior,"joy, sadness, pride, remorse, pride, fear"
IDENTITY & SELF-PERCEPTION,Self-esteem,ego,"joy, sadness, pride, remorse, pride, fear"
IDENTITY & SELF-PERCEPTION,Self-esteem,feeling validated,"joy, sadness, pride, remorse, pride, fear"
IDENTITY & SELF-PERCEPTION,Self-discovery,finding myself,"curiosity, joy, confusion, relief, surprise, realization, excitement"
IDENTITY & SELF-PERCEPTION,Self-discovery,learning who I am,"curiosity, joy, confusion, relief, surprise, realization, excitement"
IDENTITY & SELF-PERCEPTION,Self-discovery,personal growth,"curiosity, joy, confusion, relief, surprise, realization, excitement"
IDENTITY & SELF-PERCEPTION,Self-discovery,introspection,"curiosity, joy, confusion, relief, surprise, realization, excitement"
IDENTITY & SELF-PERCEPTION,Self-discovery,reflection,"curiosity, joy, confusion, relief, surprise, realization, excitement"
IDENTITY & SELF-PERCEPTION,Self-discovery,self-awareness,"curiosity, joy, confusion, relief, surprise, realization, excitement"
IDENTITY & SELF-PERCEPTION,Self-discovery,inner journey,"curiosity, joy, confusion, relief, surprise, realization, excitement"
IDENTITY & SELF-PERCEPTION,Self-discovery,exploring my identity,"curiosity, joy, confusion, relief, surprise, realization, excitement"
IDENTITY & SELF-PERCEPTION,Self-discovery,discovering passions,"curiosity, joy, confusion, relief, surprise, realization, excitement"
IDENTITY & SELF-PERCEPTION,Self-discovery,soul-searching,"curiosity, joy, confusion, relief, surprise, realization, excitement"
IDENTITY & SELF-PERCEPTION,Self-discovery,understanding emotions,"curiosity, joy, confusion, relief, surprise, realization, excitement"
IDENTITY & SELF-PERCEPTION,Self-discovery,figuring out my values,"curiosity, joy, confusion, relief, surprise, realization, excitement"
IDENTITY & SELF-PERCEPTION,Self-discovery,self-realization,"curiosity, joy, confusion, relief, surprise, realization, excitement"
IDENTITY & SELF-PERCEPTION,Self-discovery,evolving,"curiosity, joy, confusion, relief, surprise, realization, excitement"
IDENTITY & SELF-PERCEPTION,Self-discovery,growth mindset,"curiosity, joy, confusion, relief, surprise, realization, excitement"
IDENTITY & SELF-PERCEPTION,Self-discovery,learning life lessons,"curiosity, joy, confusion, relief, surprise, realization, excitement"
IDENTITY & SELF-PERCEPTION,Self-discovery,spiritual self-discovery,"curiosity, joy, confusion, relief, surprise, realization, excitement"
IDENTITY & SELF-PERCEPTION,Self-discovery,uncovering strengths,"curiosity, joy, confusion, relief, surprise, realization, excitement"
IDENTITY & SELF-PERCEPTION,Self-discovery,embracing weaknesses,"curiosity, joy, confusion, relief, surprise, realization, excitement"
IDENTITY & SELF-PERCEPTION,Self-discovery,questioning beliefs,"curiosity, joy, confusion, relief, surprise, realization, excitement"
IDENTITY & SELF-PERCEPTION,Self-discovery,defining purpose,"curiosity, joy, confusion, relief, surprise, realization, excitement"
IDENTITY & SELF-PERCEPTION,Self-discovery,self-exploration,"curiosity, joy, confusion, relief, surprise, realization, excitement"
IDENTITY & SELF-PERCEPTION,Gender/identity exploration,gender identity,"fear, joy, pride, confusion, love, nervousness, neutral"
IDENTITY & SELF-PERCEPTION,Gender/identity exploration,sexuality,"fear, joy, pride, confusion, love, nervousness, neutral"
IDENTITY & SELF-PERCEPTION,Gender/identity exploration,pronouns,"fear, joy, pride, confusion, love, nervousness, neutral"
IDENTITY & SELF-PERCEPTION,Gender/identity exploration,coming out,"fear, joy, pride, confusion, love, nervousness, neutral"
IDENTITY & SELF-PERCEPTION,Gender/identity exploration,queer,"fear, joy, pride, confusion, love, nervousness, neutral"
IDENTITY & SELF-PERCEPTION,Gender/identity exploration,trans,"fear, joy, pride, confusion, love, nervousness, neutral"
IDENTITY & SELF-PERCEPTION,Gender/identity exploration,acceptance,"fear, joy, pride, confusion, love, nervousness, neutral"
IDENTITY & SELF-PERCEPTION,Gender/identity exploration,LGBTQ,"fear, joy, pride, confusion, love, nervousness, neutral"
IDENTITY & SELF-PERCEPTION,Gender/identity exploration,non-binary,"fear, joy, pride, confusion, love, nervousness, neutral"
IDENTITY & SELF-PERCEPTION,Gender/identity exploration,cisgender,"fear, joy, pride, confusion, love, nervousness, neutral"
IDENTITY & SELF-PERCEPTION,Gender/identity exploration,pansexual,"fear, joy, pride, confusion, love, nervousness, neutral"
IDENTITY & SELF-PERCEPTION,Gender/identity exploration,asexual,"fear, joy, pride, confusion, love, nervousness, neutral"
IDENTITY & SELF-PERCEPTION,Gender/identity exploration,gender fluid,"fear, joy, pride, confusion, love, nervousness, neutral"
IDENTITY & SELF-PERCEPTION,Gender/identity exploration,questioning identity,"fear, joy, pride, confusion, love, nervousness, neutral"
IDENTITY & SELF-PERCEPTION,Gender/identity exploration,gender expression,"fear, joy, pride, confusion, love, nervousness, neutral"
IDENTITY & SELF-PERCEPTION,Gender/identity exploration,sexual orientation,"fear, joy, pride, confusion, love, nervousness, neutral"
IDENTITY & SELF-PERCEPTION,Gender/identity exploration,gender dysphoria,"fear, joy, pride, confusion, love, nervousness, neutral"
IDENTITY & SELF-PERCEPTION,Gender/identity exploration,pride,"fear, joy, pride, confusion, love, nervousness, neutral"
IDENTITY & SELF-PERCEPTION,Gender/identity exploration,gender transition,"fear, joy, pride, confusion, love, nervousness, neutral"
IDENTITY & SELF-PERCEPTION,Gender/identity exploration,embracing identity,"fear, joy, pride, confusion, love, nervousness, neutral"
IDENTITY & SELF-PERCEPTION,Gender/identity exploration,exploring identity,"fear, joy, pride, confusion, love, nervousness, neutral"
IDENTITY & SELF-PERCEPTION,Gender/identity exploration,identity affirmation,"fear, joy, pride, confusion, love, nervousness, neutral"
IDENTITY & SELF-PERCEPTION,Gender/identity exploration,self-acceptance,"fear, joy, pride, confusion, love, nervousness, neutral"
IDENTITY & SELF-PERCEPTION,Gender/identity exploration,representation,"fear, joy, pride, confusion, love, nervousness, neutral"
IDENTITY & SELF-PERCEPTION,Gender/identity exploration,inclusivity,"fear, joy, pride, confusion, love, nervousness, neutral"
IDENTITY & SELF-PERCEPTION,Boundary-setting,saying no,"pride, fear, relief, nervousness, disapproval"
IDENTITY & SELF-PERCEPTION,Boundary-setting,personal space,"pride, fear, relief, nervousness, disapproval"
IDENTITY & SELF-PERCEPTION,Boundary-setting,limits,"pride, fear, relief, nervousness, disapproval"
IDENTITY & SELF-PERCEPTION,Boundary-setting,protecting energy,"pride, fear, relief, nervousness, disapproval"
IDENTITY & SELF-PERCEPTION,Boundary-setting,respect boundaries,"pride, fear, relief, nervousness, disapproval"
IDENTITY & SELF-PERCEPTION,Boundary-setting,healthy boundaries,"pride, fear, relief, nervousness, disapproval"
IDENTITY & SELF-PERCEPTION,Boundary-setting,standing up for myself,"pride, fear, relief, nervousness, disapproval"
IDENTITY & SELF-PERCEPTION,Boundary-setting,setting limits,"pride, fear, relief, nervousness, disapproval"
IDENTITY & SELF-PERCEPTION,Boundary-setting,emotional boundaries,"pride, fear, relief, nervousness, disapproval"
IDENTITY & SELF-PERCEPTION,Boundary-setting,asserting needs,"pride, fear, relief, nervousness, disapproval"
IDENTITY & SELF-PERCEPTION,Boundary-setting,self-protection,"pride, fear, relief, nervousness, disapproval"
IDENTITY & SELF-PERCEPTION,Boundary-setting,not overcommitting,"pride, fear, relief, nervousness, disapproval"
IDENTITY & SELF-PERCEPTION,Boundary-setting,saying yes to myself,"pride, fear, relief, nervousness, disapproval"
IDENTITY & SELF-PERCEPTION,Boundary-setting,preventing burnout,"pride, fear, relief, nervousness, disapproval"
IDENTITY & SELF-PERCEPTION,Boundary-setting,self-preservation,"pride, fear, relief, nervousness, disapproval"
IDENTITY & SELF-PERCEPTION,Boundary-setting,prioritizing self,"pride, fear, relief, nervousness, disapproval"
IDENTITY & SELF-PERCEPTION,Boundary-setting,maintaining autonomy,"pride, fear, relief, nervousness, disapproval"
IDENTITY & SELF-PERCEPTION,Boundary-setting,stopping manipulation,"pride, fear, relief, nervousness, disapproval"
IDENTITY & SELF-PERCEPTION,Boundary-setting,saying 'enough',"pride, fear, relief, nervousness, disapproval"
IDENTITY & SELF-PERCEPTION,Boundary-setting,respecting others' boundaries,"pride, fear, relief, nervousness, disapproval"
IDENTITY & SELF-PERCEPTION,Boundary-setting,consent,"pride, fear, relief, nervousness, disapproval"
IDENTITY & SELF-PERCEPTION,Boundary-setting,assertiveness,"pride, fear, relief, nervousness, disapproval"
IDENTITY & SELF-PERCEPTION,Shame,embarrassed,"remorse, disgust, sadness, fear, anger, embarrassment"
IDENTITY & SELF-PERCEPTION,Shame,ashamed,"remorse, disgust, sadness, fear, anger, embarrassment"
IDENTITY & SELF-PERCEPTION,Shame,guilty,"remorse, disgust, sadness, fear, anger, embarrassment"
IDENTITY & SELF-PERCEPTION,Shame,regret,"remorse, disgust, sadness, fear, anger, embarrassment"
IDENTITY & SELF-PERCEPTION,Shame,humiliation,"remorse, disgust, sadness, fear, anger, embarrassment"
IDENTITY & SELF-PERCEPTION,Shame,self-blame,"remorse, disgust, sadness, fear, anger, embarrassment"
IDENTITY & SELF-PERCEPTION,Shame,feeling exposed,"remorse, disgust, sadness, fear, anger, embarrassment"
IDENTITY & SELF-PERCEPTION,Shame,mortified,"remorse, disgust, sadness, fear, anger, embarrassment"
IDENTITY & SELF-PERCEPTION,Shame,feeling inadequate,"remorse, disgust, sadness, fear, anger, embarrassment"
IDENTITY & SELF-PERCEPTION,Shame,dishonor,"remorse, disgust, sadness, fear, anger, embarrassment"
IDENTITY & SELF-PERCEPTION,Shame,feeling judged,"remorse, disgust, sadness, fear, anger, embarrassment"
IDENTITY & SELF-PERCEPTION,Shame,self-conscious,"remorse, disgust, sadness, fear, anger, embarrassment"
IDENTITY & SELF-PERCEPTION,Shame,blush,"remorse, disgust, sadness, fear, anger, embarrassment"
IDENTITY & SELF-PERCEPTION,Shame,inner critic,"remorse, disgust, sadness, fear, anger, embarrassment"
IDENTITY & SELF-PERCEPTION,Shame,remorse,"remorse, disgust, sadness, fear, anger, embarrassment"
IDENTITY & SELF-PERCEPTION,Shame,feeling flawed,"remorse, disgust, sadness, fear, anger, embarrassment"
IDENTITY & SELF-PERCEPTION,Shame,disgrace,"remorse, disgust, sadness, fear, anger, embarrassment"
IDENTITY & SELF-PERCEPTION,Shame,feeling dirty,"remorse, disgust, sadness, fear, anger, embarrassment"
IDENTITY & SELF-PERCEPTION,Shame,shame spiral,"remorse, disgust, sadness, fear, anger, embarrassment"
IDENTITY & SELF-PERCEPTION,Shame,humiliation in public,"remorse, disgust, sadness, fear, anger, embarrassment"
IDENTITY & SELF-PERCEPTION,Shame,regretful,"remorse, disgust, sadness, fear, anger, embarrassment"
IDENTITY & SELF-PERCEPTION,Shame,cringe,"remorse, disgust, sadness, fear, anger, embarrassment"
IDENTITY & SELF-PERCEPTION,Shame,self-reproach,"remorse, disgust, sadness, fear, anger, embarrassment"
IDENTITY & SELF-PERCEPTION,Shame,embarrassment,"remorse, disgust, sadness, fear, anger, embarrassment"
DESCRIPTIVE & SENSORY WRITING,Environment/setting,room,"admiration, fear, relief, nervousness, surprise, curiosity, neutral"
DESCRIPTIVE & SENSORY WRITING,Environment/setting,city,"admiration, fear, relief, nervousness, surprise, curiosity, neutral"
DESCRIPTIVE & SENSORY WRITING,Environment/setting,park,"admiration, fear, relief, nervousness, surprise, curiosity, neutral"
DESCRIPTIVE & SENSORY WRITING,Environment/setting,forest,"admiration, fear, relief, nervousness, surprise, curiosity, neutral"
DESCRIPTIVE & SENSORY WRITING,Environment/setting,ocean,"admiration, fear, relief, nervousness, surprise, curiosity, neutral"
DESCRIPTIVE & SENSORY WRITING,Environment/setting,nature,"admiration, fear, relief, nervousness, surprise, curiosity, neutral"
DESCRIPTIVE & SENSORY WRITING,Environment/setting,surroundings,"admiration, fear, relief, nervousness, surprise, curiosity, neutral"
DESCRIPTIVE & SENSORY WRITING,Environment/setting,street,"admiration, fear, relief, nervousness, surprise, curiosity, neutral"
DESCRIPTIVE & SENSORY WRITING,Environment/setting,alley,"admiration, fear, relief, nervousness, surprise, curiosity, neutral"
DESCRIPTIVE & SENSORY WRITING,Environment/setting,countryside,"admiration, fear, relief, nervousness, surprise, curiosity, neutral"
DESCRIPTIVE & SENSORY WRITING,Environment/setting,mountains,"admiration, fear, relief, nervousness, surprise, curiosity, neutral"
DESCRIPTIVE & SENSORY WRITING,Environment/setting,desert,"admiration, fear, relief, nervousness, surprise, curiosity, neutral"
DESCRIPTIVE & SENSORY WRITING,Environment/setting,garden,"admiration, fear, relief, nervousness, surprise, curiosity, neutral"
DESCRIPTIVE & SENSORY WRITING,Environment/setting,meadow,"admiration, fear, relief, nervousness, surprise, curiosity, neutral"
DESCRIPTIVE & SENSORY WRITING,Environment/setting,beach,"admiration, fear, relief, nervousness, surprise, curiosity, neutral"
DESCRIPTIVE & SENSORY WRITING,Environment/setting,river,"admiration, fear, relief, nervousness, surprise, curiosity, neutral"
DESCRIPTIVE & SENSORY WRITING,Environment/setting,lake,"admiration, fear, relief, nervousness, surprise, curiosity, neutral"
DESCRIPTIVE & SENSORY WRITING,Environment/setting,skyline,"admiration, fear, relief, nervousness, surprise, curiosity, neutral"
DESCRIPTIVE & SENSORY WRITING,Environment/setting,neighborhood,"admiration, fear, relief, nervousness, surprise, curiosity, neutral"
DESCRIPTIVE & SENSORY WRITING,Environment/setting,urban,"admiration, fear, relief, nervousness, surprise, curiosity, neutral"
DESCRIPTIVE & SENSORY WRITING,Environment/setting,rural,"admiration, fear, relief, nervousness, surprise, curiosity, neutral"
DESCRIPTIVE & SENSORY WRITING,Environment/setting,village,"admiration, fear, relief, nervousness, surprise, curiosity, neutral"
DESCRIPTIVE & SENSORY WRITING,Environment/setting,landscape,"admiration, fear, relief, nervousness, surprise, curiosity, neutral"
DESCRIPTIVE & SENSORY WRITING,Environment/setting,horizon,"admiration, fear, relief, nervousness, surprise, curiosity, neutral"
DESCRIPTIVE & SENSORY WRITING,Environment/setting,village square,"admiration, fear, relief, nervousness, surprise, curiosity, neutral"
DESCRIPTIVE & SENSORY WRITING,Environment/setting,bustling market,"admiration, fear, relief, nervousness, surprise, curiosity, neutral"
DESCRIPTIVE & SENSORY WRITING,Environment/setting,abandoned building,"admiration, fear, relief, nervousness, surprise, curiosity, neutral"
DESCRIPTIVE & SENSORY WRITING,Environment/setting,cozy cabin,"admiration, fear, relief, nervousness, surprise, curiosity, neutral"
DESCRIPTIVE & SENSORY WRITING,Environment/setting,open field,"admiration, fear, relief, nervousness, surprise, curiosity, neutral"
DESCRIPTIVE & SENSORY WRITING,Environment/setting,dense jungle,"admiration, fear, relief, nervousness, surprise, curiosity, neutral"
DESCRIPTIVE & SENSORY WRITING,Environment/setting,quiet library,"admiration, fear, relief, nervousness, surprise, curiosity, neutral"
DESCRIPTIVE & SENSORY WRITING,Environment/setting,dimly lit room,"admiration, fear, relief, nervousness, surprise, curiosity, neutral"
DESCRIPTIVE & SENSORY WRITING,Environment/setting,crowded café,"admiration, fear, relief, nervousness, surprise, curiosity, neutral"
DESCRIPTIVE & SENSORY WRITING,Weather/seasonality,rain,"joy, sadness, fear, relief, amusement, neutral"
DESCRIPTIVE & SENSORY WRITING,Weather/seasonality,sunshine,"joy, sadness, fear, relief, amusement, neutral"
DESCRIPTIVE & SENSORY WRITING,Weather/seasonality,snow,"joy, sadness, fear, relief, amusement, neutral"
DESCRIPTIVE & SENSORY WRITING,Weather/seasonality,autumn,"joy, sadness, fear, relief, amusement, neutral"
DESCRIPTIVE & SENSORY WRITING,Weather/seasonality,fall,"joy, sadness, fear, relief, amusement, neutral"
DESCRIPTIVE & SENSORY WRITING,Weather/seasonality,spring,"joy, sadness, fear, relief, amusement, neutral"
DESCRIPTIVE & SENSORY WRITING,Weather/seasonality,winter,"joy, sadness, fear, relief, amusement, neutral"
DESCRIPTIVE & SENSORY WRITING,Weather/seasonality,summer,"joy, sadness, fear, relief, amusement, neutral"
DESCRIPTIVE & SENSORY WRITING,Weather/seasonality,storm,"joy, sadness, fear, relief, amusement, neutral"
DESCRIPTIVE & SENSORY WRITING,Weather/seasonality,breeze,"joy, sadness, fear, relief, amusement, neutral"
DESCRIPTIVE & SENSORY WRITING,Weather/seasonality,sunny,"joy, sadness, fear, relief, amusement, neutral"
DESCRIPTIVE & SENSORY WRITING,Weather/seasonality,wind,"joy, sadness, fear, relief, amusement, neutral"
DESCRIPTIVE & SENSORY WRITING,Weather/seasonality,drizzle,"joy, sadness, fear, relief, amusement, neutral"
DESCRIPTIVE & SENSORY WRITING,Weather/seasonality,downpour,"joy, sadness, fear, relief, amusement, neutral"
DESCRIPTIVE & SENSORY WRITING,Weather/seasonality,hail,"joy, sadness, fear, relief, amusement, neutral"
DESCRIPTIVE & SENSORY WRITING,Weather/seasonality,thunderstorm,"joy, sadness, fear, relief, amusement, neutral"
DESCRIPTIVE & SENSORY WRITING,Weather/seasonality,lightning,"joy, sadness, fear, relief, amusement, neutral"
DESCRIPTIVE & SENSORY WRITING,Weather/seasonality,fog,"joy, sadness, fear, relief, amusement, neutral"
DESCRIPTIVE & SENSORY WRITING,Weather/seasonality,mist,"joy, sadness, fear, relief, amusement, neutral"
DESCRIPTIVE & SENSORY WRITING,Weather/seasonality,overcast,"joy, sadness, fear, relief, amusement, neutral"
DESCRIPTIVE & SENSORY WRITING,Weather/seasonality,cloudy,"joy, sadness, fear, relief, amusement, neutral"
DESCRIPTIVE & SENSORY WRITING,Weather/seasonality,clear sky,"joy, sadness, fear, relief, amusement, neutral"
DESCRIPTIVE & SENSORY WRITING,Weather/seasonality,frost,"joy, sadness, fear, relief, amusement, neutral"
DESCRIPTIVE & SENSORY WRITING,Weather/seasonality,icy,"joy, sadness, fear, relief, amusement, neutral"
DESCRIPTIVE & SENSORY WRITING,Weather/seasonality,humid,"joy, sadness, fear, relief, amusement, neutral"
DESCRIPTIVE & SENSORY WRITING,Weather/seasonality,muggy,"joy, sadness, fear, relief, amusement, neutral"
DESCRIPTIVE & SENSORY WRITING,Weather/seasonality,crisp air,"joy, sadness, fear, relief, amusement, neutral"
DESCRIPTIVE & SENSORY WRITING,Weather/seasonality,chilly,"joy, sadness, fear, relief, amusement, neutral"
DESCRIPTIVE & SENSORY WRITING,Weather/seasonality,warm rays,"joy, sadness, fear, relief, amusement, neutral"
DESCRIPTIVE & SENSORY WRITING,Weather/seasonality,golden sunlight,"joy, sadness, fear, relief, amusement, neutral"
DESCRIPTIVE & SENSORY WRITING,Weather/seasonality,gentle breeze,"joy, sadness, fear, relief, amusement, neutral"
DESCRIPTIVE & SENSORY WRITING,Weather/seasonality,gusty wind,"joy, sadness, fear, relief, amusement, neutral"
DESCRIPTIVE & SENSORY WRITING,Weather/seasonality,blustery,"joy, sadness, fear, relief, amusement, neutral"
DESCRIPTIVE & SENSORY WRITING,Weather/seasonality,serene weather,"joy, sadness, fear, relief, amusement, neutral"
DESCRIPTIVE & SENSORY WRITING,Weather/seasonality,seasonal change,"joy, sadness, fear, relief, amusement, neutral"
DESCRIPTIVE & SENSORY WRITING,Weather/seasonality,twilight glow,"joy, sadness, fear, relief, amusement, neutral"
DESCRIPTIVE & SENSORY WRITING,Physical sensations,warm,"fear, joy, anger, relief, nervousness, disgust"
DESCRIPTIVE & SENSORY WRITING,Physical sensations,cold,"fear, joy, anger, relief, nervousness, disgust"
DESCRIPTIVE & SENSORY WRITING,Physical sensations,trembling,"fear, joy, anger, relief, nervousness, disgust"
DESCRIPTIVE & SENSORY WRITING,Physical sensations,heartbeat,"fear, joy, anger, relief, nervousness, disgust"
DESCRIPTIVE & SENSORY WRITING,Physical sensations,fatigue,"fear, joy, anger, relief, nervousness, disgust"
DESCRIPTIVE & SENSORY WRITING,Physical sensations,hunger,"fear, joy, anger, relief, nervousness, disgust"
DESCRIPTIVE & SENSORY WRITING,Physical sensations,touch,"fear, joy, anger, relief, nervousness, disgust"
DESCRIPTIVE & SENSORY WRITING,Physical sensations,pain,"fear, joy, anger, relief, nervousness, disgust"
DESCRIPTIVE & SENSORY WRITING,Physical sensations,shivering,"fear, joy, anger, relief, nervousness, disgust"
DESCRIPTIVE & SENSORY WRITING,Physical sensations,sweating,"fear, joy, anger, relief, nervousness, disgust"
DESCRIPTIVE & SENSORY WRITING,Physical sensations,tingling,"fear, joy, anger, relief, nervousness, disgust"
DESCRIPTIVE & SENSORY WRITING,Physical sensations,numb,"fear, joy, anger, relief, nervousness, disgust"
DESCRIPTIVE & SENSORY WRITING,Physical sensations,itchy,"fear, joy, anger, relief, nervousness, disgust"
DESCRIPTIVE & SENSORY WRITING,Physical sensations,sore,"fear, joy, anger, relief, nervousness, disgust"
DESCRIPTIVE & SENSORY WRITING,Physical sensations,aching,"fear, joy, anger, relief, nervousness, disgust"
DESCRIPTIVE & SENSORY WRITING,Physical sensations,throbbing,"fear, joy, anger, relief, nervousness, disgust"
DESCRIPTIVE & SENSORY WRITING,Physical sensations,burning,"fear, joy, anger, relief, nervousness, disgust"
DESCRIPTIVE & SENSORY WRITING,Physical sensations,pressure,"fear, joy, anger, relief, nervousness, disgust"
DESCRIPTIVE & SENSORY WRITING,Physical sensations,tension,"fear, joy, anger, relief, nervousness, disgust"
DESCRIPTIVE & SENSORY WRITING,Physical sensations,stiffness,"fear, joy, anger, relief, nervousness, disgust"
DESCRIPTIVE & SENSORY WRITING,Physical sensations,dizziness,"fear, joy, anger, relief, nervousness, disgust"
DESCRIPTIVE & SENSORY WRITING,Physical sensations,exhaustion,"fear, joy, anger, relief, nervousness, disgust"
DESCRIPTIVE & SENSORY WRITING,Physical sensations,relaxation,"fear, joy, anger, relief, nervousness, disgust"
DESCRIPTIVE & SENSORY WRITING,Physical sensations,comfort,"fear, joy, anger, relief, nervousness, disgust"
DESCRIPTIVE & SENSORY WRITING,Physical sensations,goosebumps,"fear, joy, anger, relief, nervousness, disgust"
DESCRIPTIVE & SENSORY WRITING,Physical sensations,fluttering,"fear, joy, anger, relief, nervousness, disgust"
DESCRIPTIVE & SENSORY WRITING,Physical sensations,pounding,"fear, joy, anger, relief, nervousness, disgust"
DESCRIPTIVE & SENSORY WRITING,Physical sensations,lightheaded,"fear, joy, anger, relief, nervousness, disgust"
DESCRIPTIVE & SENSORY WRITING,Physical sensations,sweaty palms,"fear, joy, anger, relief, nervousness, disgust"
DESCRIPTIVE & SENSORY WRITING,Physical sensations,chills,"fear, joy, anger, relief, nervousness, disgust"
DESCRIPTIVE & SENSORY WRITING,Physical sensations,electric sensation,"fear, joy, anger, relief, nervousness, disgust"
DESCRIPTIVE & SENSORY WRITING,Physical sensations,heavy limbs,"fear, joy, anger, relief, nervousness, disgust"
DESCRIPTIVE & SENSORY WRITING,Physical sensations,soft caress,"fear, joy, anger, relief, nervousness, disgust"
DESCRIPTIVE & SENSORY WRITING,Physical sensations,prickly,"fear, joy, anger, relief, nervousness, disgust"
DESCRIPTIVE & SENSORY WRITING,Aesthetic,beautiful,"admiration, joy, curiosity, relief, excitement, desire"
DESCRIPTIVE & SENSORY WRITING,Aesthetic,color,"admiration, joy, curiosity, relief, excitement, desire"
DESCRIPTIVE & SENSORY WRITING,Aesthetic,light,"admiration, joy, curiosity, relief, excitement, desire"
DESCRIPTIVE & SENSORY WRITING,Aesthetic,scenery,"admiration, joy, curiosity, relief, excitement, desire"
DESCRIPTIVE & SENSORY WRITING,Aesthetic,art,"admiration, joy, curiosity, relief, excitement, desire"
DESCRIPTIVE & SENSORY WRITING,Aesthetic,music,"admiration, joy, curiosity, relief, excitement, desire"
DESCRIPTIVE & SENSORY WRITING,Aesthetic,poetry,"admiration, joy, curiosity, relief, excitement, desire"
DESCRIPTIVE & SENSORY WRITING,Aesthetic,aesthetic,"admiration, joy, curiosity, relief, excitement, desire"
DESCRIPTIVE & SENSORY WRITING,Aesthetic,vibe,"admiration, joy, curiosity, relief, excitement, desire"
DESCRIPTIVE & SENSORY WRITING,Aesthetic,stunning,"admiration, joy, curiosity, relief, excitement, desire"
DESCRIPTIVE & SENSORY WRITING,Aesthetic,exquisite,"admiration, joy, curiosity, relief, excitement, desire"
DESCRIPTIVE & SENSORY WRITING,Aesthetic,radiant,"admiration, joy, curiosity, relief, excitement, desire"
DESCRIPTIVE & SENSORY WRITING,Aesthetic,dazzling,"admiration, joy, curiosity, relief, excitement, desire"
DESCRIPTIVE & SENSORY WRITING,Aesthetic,enchanting,"admiration, joy, curiosity, relief, excitement, desire"
DESCRIPTIVE & SENSORY WRITING,Aesthetic,vibrant,"admiration, joy, curiosity, relief, excitement, desire"
DESCRIPTIVE & SENSORY WRITING,Aesthetic,delicate,"admiration, joy, curiosity, relief, excitement, desire"
DESCRIPTIVE & SENSORY WRITING,Aesthetic,vivid,"admiration, joy, curiosity, relief, excitement, desire"
DESCRIPTIVE & SENSORY WRITING,Aesthetic,surreal,"admiration, joy, curiosity, relief, excitement, desire"
DESCRIPTIVE & SENSORY WRITING,Aesthetic,whimsical,"admiration, joy, curiosity, relief, excitement, desire"
DESCRIPTIVE & SENSORY WRITING,Aesthetic,harmonious,"admiration, joy, curiosity, relief, excitement, desire"
DESCRIPTIVE & SENSORY WRITING,Aesthetic,soft,"admiration, joy, curiosity, relief, excitement, desire"
DESCRIPTIVE & SENSORY WRITING,Aesthetic,muted,"admiration, joy, curiosity, relief, excitement, desire"
DESCRIPTIVE & SENSORY WRITING,Aesthetic,textured,"admiration, joy, curiosity, relief, excitement, desire"
DESCRIPTIVE & SENSORY WRITING,Aesthetic,intricate,"admiration, joy, curiosity, relief, excitement, desire"
DESCRIPTIVE & SENSORY WRITING,Aesthetic,minimalist,"admiration, joy, curiosity, relief, excitement, desire"
DESCRIPTIVE & SENSORY WRITING,Aesthetic,bold,"admiration, joy, curiosity, relief, excitement, desire"
DESCRIPTIVE & SENSORY WRITING,Aesthetic,ethereal,"admiration, joy, curiosity, relief, excitement, desire"
DESCRIPTIVE & SENSORY WRITING,Aesthetic,moody,"admiration, joy, curiosity, relief, excitement, desire"
DESCRIPTIVE & SENSORY WRITING,Aesthetic,serene,"admiration, joy, curiosity, relief, excitement, desire"
DESCRIPTIVE & SENSORY WRITING,Aesthetic,dramatic,"admiration, joy, curiosity, relief, excitement, desire"
DESCRIPTIVE & SENSORY WRITING,Aesthetic,captivating,"admiration, joy, curiosity, relief, excitement, desire"
DESCRIPTIVE & SENSORY WRITING,Aesthetic,magical,"admiration, joy, curiosity, relief, excitement, desire"
DESCRIPTIVE & SENSORY WRITING,Aesthetic,enchanting,"admiration, joy, curiosity, relief, excitement, desire"
DESCRIPTIVE & SENSORY WRITING,Aesthetic,atmospheric,"admiration, joy, curiosity, relief, excitement, desire"
DESCRIPTIVE & SENSORY WRITING,Aesthetic,dreamy,"admiration, joy, curiosity, relief, excitement, desire"
DESCRIPTIVE & SENSORY WRITING,Aesthetic,blue,"admiration, joy, curiosity, relief, excitement, desire"
DESCRIPTIVE & SENSORY WRITING,Aesthetic,purple,"admiration, joy, curiosity, relief, excitement, desire"
DESCRIPTIVE & SENSORY WRITING,Aesthetic,yellow,"admiration, joy, curiosity, relief, excitement, desire"
DESCRIPTIVE & SENSORY WRITING,Aesthetic,orange,"admiration, joy, curiosity, relief, excitement, desire"
DESCRIPTIVE & SENSORY WRITING,Aesthetic,black,"admiration, joy, curiosity, relief, excitement, desire"
DESCRIPTIVE & SENSORY WRITING,Aesthetic,white,"admiration, joy, curiosity, relief, excitement, desire"
DESCRIPTIVE & SENSORY WRITING,Aesthetic,grey,"admiration, joy, curiosity, relief, excitement, desire"
DESCRIPTIVE & SENSORY WRITING,Aesthetic,periwinkle,"admiration, joy, curiosity, relief, excitement, desire"
DESCRIPTIVE & SENSORY WRITING,Aesthetic,magenta,"admiration, joy, curiosity, relief, excitement, desire"
DESCRIPTIVE & SENSORY WRITING,Aesthetic,cyan,"admiration, joy, curiosity, relief, excitement, desire"
DESCRIPTIVE & SENSORY WRITING,Aesthetic,brown,"admiration, joy, curiosity, relief, excitement, desire"
DESCRIPTIVE & SENSORY WRITING,Aesthetic,green,"admiration, joy, curiosity, relief, excitement, desire"
DESCRIPTIVE & SENSORY WRITING,Aesthetic,red,"admiration, joy, curiosity, relief, excitement, desire"
DESCRIPTIVE & SENSORY WRITING,Aesthetic,turquoise,"admiration, joy, curiosity, relief, excitement, desire"
DESCRIPTIVE & SENSORY WRITING,Aesthetic,indigo,"admiration, joy, curiosity, relief, excitement, desire"
DESCRIPTIVE & SENSORY WRITING,Aesthetic,lilac,"admiration, joy, curiosity, relief, excitement, desire"
DESCRIPTIVE & SENSORY WRITING,Aesthetic,gold,"admiration, joy, curiosity, relief, excitement, desire"
DESCRIPTIVE & SENSORY WRITING,Aesthetic,silver,"admiration, joy, curiosity, relief, excitement, desire"
DESCRIPTIVE & SENSORY WRITING,Aesthetic,bronze,"admiration, joy, curiosity, relief, excitement, desire"
DESCRIPTIVE & SENSORY WRITING,Aesthetic,coral,"admiration, joy, curiosity, relief, excitement, desire"
DESCRIPTIVE & SENSORY WRITING,Aesthetic,beige,"admiration, joy, curiosity, relief, excitement, desire"
DESCRIPTIVE & SENSORY WRITING,Aesthetic,teal,"admiration, joy, curiosity, relief, excitement, desire"
DESCRIPTIVE & SENSORY WRITING,Aesthetic,amber,"admiration, joy, curiosity, relief, excitement, desire"
DESCRIPTIVE & SENSORY WRITING,Aesthetic,cream,"admiration, joy, curiosity, relief, excitement, desire"
DESCRIPTIVE & SENSORY WRITING,Aesthetic,scarlet,"admiration, joy, curiosity, relief, excitement, desire"
DESCRIPTIVE & SENSORY WRITING,Aesthetic,jade,"admiration, joy, curiosity, relief, excitement, desire"
DESCRIPTIVE & SENSORY WRITING,Aesthetic,lavender,"admiration, joy, curiosity, relief, excitement, desire"
DESCRIPTIVE & SENSORY WRITING,Aesthetic,navy,"admiration, joy, curiosity, relief, excitement, desire"
DESCRIPTIVE & SENSORY WRITING,Aesthetic,pastel,"admiration, joy, curiosity, relief, excitement, desire"
DESCRIPTIVE & SENSORY WRITING,Aesthetic,neon,"admiration, joy, curiosity, relief, excitement, desire"
DESCRIPTIVE & SENSORY WRITING,Aesthetic,earthy tones,"admiration, joy, curiosity, relief, excitement, desire"
DESCRIPTIVE & SENSORY WRITING,Aesthetic,muted shades,"admiration, joy, curiosity, relief, excitement, desire"
DESCRIPTIVE & SENSORY WRITING,Aesthetic,vibrant hues,"admiration, joy, curiosity, relief, excitement, desire"
DESCRIPTIVE & SENSORY WRITING,Physical descriptions,tall,"admiration, fear, nervousness, disgust, curiosity, desire, annoyance, neutral"
DESCRIPTIVE & SENSORY WRITING,Physical descriptions,short,"admiration, fear, nervousness, disgust, curiosity, desire, annoyance, neutral"
DESCRIPTIVE & SENSORY WRITING,Physical descriptions,slender,"admiration, fear, nervousness, disgust, curiosity, desire, annoyance, neutral"
DESCRIPTIVE & SENSORY WRITING,Physical descriptions,stocky,"admiration, fear, nervousness, disgust, curiosity, desire, annoyance, neutral"
DESCRIPTIVE & SENSORY WRITING,Physical descriptions,muscular,"admiration, fear, nervousness, disgust, curiosity, desire, annoyance, neutral"
DESCRIPTIVE & SENSORY WRITING,Physical descriptions,thin,"admiration, fear, nervousness, disgust, curiosity, desire, annoyance, neutral"
DESCRIPTIVE & SENSORY WRITING,Physical descriptions,petite,"admiration, fear, nervousness, disgust, curiosity, desire, annoyance, neutral"
DESCRIPTIVE & SENSORY WRITING,Physical descriptions,curvy,"admiration, fear, nervousness, disgust, curiosity, desire, annoyance, neutral"
DESCRIPTIVE & SENSORY WRITING,Physical descriptions,lanky,"admiration, fear, nervousness, disgust, curiosity, desire, annoyance, neutral"
DESCRIPTIVE & SENSORY WRITING,Physical descriptions,broad-shouldered,"admiration, fear, nervousness, disgust, curiosity, desire, annoyance, neutral"
DESCRIPTIVE & SENSORY WRITING,Physical descriptions,lean,"admiration, fear, nervousness, disgust, curiosity, desire, annoyance, neutral"
DESCRIPTIVE & SENSORY WRITING,Physical descriptions,chubby,"admiration, fear, nervousness, disgust, curiosity, desire, annoyance, neutral"
DESCRIPTIVE & SENSORY WRITING,Physical descriptions,graceful,"admiration, fear, nervousness, disgust, curiosity, desire, annoyance, neutral"
DESCRIPTIVE & SENSORY WRITING,Physical descriptions,athletic,"admiration, fear, nervousness, disgust, curiosity, desire, annoyance, neutral"
DESCRIPTIVE & SENSORY WRITING,Physical descriptions,frail,"admiration, fear, nervousness, disgust, curiosity, desire, annoyance, neutral"
DESCRIPTIVE & SENSORY WRITING,Physical descriptions,youthful,"admiration, fear, nervousness, disgust, curiosity, desire, annoyance, neutral"
DESCRIPTIVE & SENSORY WRITING,Physical descriptions,elderly,"admiration, fear, nervousness, disgust, curiosity, desire, annoyance, neutral"
DESCRIPTIVE & SENSORY WRITING,Physical descriptions,wrinkled,"admiration, fear, nervousness, disgust, curiosity, desire, annoyance, neutral"
DESCRIPTIVE & SENSORY WRITING,Physical descriptions,radiant,"admiration, fear, nervousness, disgust, curiosity, desire, annoyance, neutral"
DESCRIPTIVE & SENSORY WRITING,Physical descriptions,glowing,"admiration, fear, nervousness, disgust, curiosity, desire, annoyance, neutral"
DESCRIPTIVE & SENSORY WRITING,Physical descriptions,pale,"admiration, fear, nervousness, disgust, curiosity, desire, annoyance, neutral"
DESCRIPTIVE & SENSORY WRITING,Physical descriptions,tanned,"admiration, fear, nervousness, disgust, curiosity, desire, annoyance, neutral"
DESCRIPTIVE & SENSORY WRITING,Physical descriptions,olive skin,"admiration, fear, nervousness, disgust, curiosity, desire, annoyance, neutral"
DESCRIPTIVE & SENSORY WRITING,Physical descriptions,fair complexion,"admiration, fear, nervousness, disgust, curiosity, desire, annoyance, neutral"
DESCRIPTIVE & SENSORY WRITING,Physical descriptions,dark complexion,"admiration, fear, nervousness, disgust, curiosity, desire, annoyance, neutral"
DESCRIPTIVE & SENSORY WRITING,Physical descriptions,freckles,"admiration, fear, nervousness, disgust, curiosity, desire, annoyance, neutral"
DESCRIPTIVE & SENSORY WRITING,Physical descriptions,moles,"admiration, fear, nervousness, disgust, curiosity, desire, annoyance, neutral"
DESCRIPTIVE & SENSORY WRITING,Physical descriptions,birthmark,"admiration, fear, nervousness, disgust, curiosity, desire, annoyance, neutral"
DESCRIPTIVE & SENSORY WRITING,Physical descriptions,scarred,"admiration, fear, nervousness, disgust, curiosity, desire, annoyance, neutral"
DESCRIPTIVE & SENSORY WRITING,Physical descriptions,elegant,"admiration, fear, nervousness, disgust, curiosity, desire, annoyance, neutral"
DESCRIPTIVE & SENSORY WRITING,Physical descriptions,rugged,"admiration, fear, nervousness, disgust, curiosity, desire, annoyance, neutral"
DESCRIPTIVE & SENSORY WRITING,Physical descriptions,sharp features,"admiration, fear, nervousness, disgust, curiosity, desire, annoyance, neutral"
DESCRIPTIVE & SENSORY WRITING,Physical descriptions,soft features,"admiration, fear, nervousness, disgust, curiosity, desire, annoyance, neutral"
DESCRIPTIVE & SENSORY WRITING,Physical descriptions,angular face,"admiration, fear, nervousness, disgust, curiosity, desire, annoyance, neutral"
DESCRIPTIVE & SENSORY WRITING,Physical descriptions,round face,"admiration, fear, nervousness, disgust, curiosity, desire, annoyance, neutral"
DESCRIPTIVE & SENSORY WRITING,Physical descriptions,oval face,"admiration, fear, nervousness, disgust, curiosity, desire, annoyance, neutral"
DESCRIPTIVE & SENSORY WRITING,Physical descriptions,almond-shaped eyes,"admiration, fear, nervousness, disgust, curiosity, desire, annoyance, neutral"
DESCRIPTIVE & SENSORY WRITING,Physical descriptions,piercing eyes,"admiration, fear, nervousness, disgust, curiosity, desire, annoyance, neutral"
DESCRIPTIVE & SENSORY WRITING,Physical descriptions,sparkling eyes,"admiration, fear, nervousness, disgust, curiosity, desire, annoyance, neutral"
DESCRIPTIVE & SENSORY WRITING,Physical descriptions,hazel eyes,"admiration, fear, nervousness, disgust, curiosity, desire, annoyance, neutral"
DESCRIPTIVE & SENSORY WRITING,Physical descriptions,green eyes,"admiration, fear, nervousness, disgust, curiosity, desire, annoyance, neutral"
DESCRIPTIVE & SENSORY WRITING,Physical descriptions,blue eyes,"admiration, fear, nervousness, disgust, curiosity, desire, annoyance, neutral"
DESCRIPTIVE & SENSORY WRITING,Physical descriptions,brown eyes,"admiration, fear, nervousness, disgust, curiosity, desire, annoyance, neutral"
DESCRIPTIVE & SENSORY WRITING,Physical descriptions,long hair,"admiration, fear, nervousness, disgust, curiosity, desire, annoyance, neutral"
DESCRIPTIVE & SENSORY WRITING,Physical descriptions,short hair,"admiration, fear, nervousness, disgust, curiosity, desire, annoyance, neutral"
DESCRIPTIVE & SENSORY WRITING,Physical descriptions,curly hair,"admiration, fear, nervousness, disgust, curiosity, desire, annoyance, neutral"
DESCRIPTIVE & SENSORY WRITING,Physical descriptions,straight hair,"admiration, fear, nervousness, disgust, curiosity, desire, annoyance, neutral"
DESCRIPTIVE & SENSORY WRITING,Physical descriptions,wavy hair,"admiration, fear, nervousness, disgust, curiosity, desire, annoyance, neutral"
DESCRIPTIVE & SENSORY WRITING,Physical descriptions,messy hair,"admiration, fear, nervousness, disgust, curiosity, desire, annoyance, neutral"
DESCRIPTIVE & SENSORY WRITING,Physical descriptions,dyed hair,"admiration, fear, nervousness, disgust, curiosity, desire, annoyance, neutral"
DESCRIPTIVE & SENSORY WRITING,Physical descriptions,thick hair,"admiration, fear, nervousness, disgust, curiosity, desire, annoyance, neutral"
DESCRIPTIVE & SENSORY WRITING,Physical descriptions,thin hair,"admiration, fear, nervousness, disgust, curiosity, desire, annoyance, neutral"
DESCRIPTIVE & SENSORY WRITING,Physical descriptions,beard,"admiration, fear, nervousness, disgust, curiosity, desire, annoyance, neutral"
DESCRIPTIVE & SENSORY WRITING,Physical descriptions,mustache,"admiration, fear, nervousness, disgust, curiosity, desire, annoyance, neutral"
DESCRIPTIVE & SENSORY WRITING,Physical descriptions,stubble,"admiration, fear, nervousness, disgust, curiosity, desire, annoyance, neutral"
DESCRIPTIVE & SENSORY WRITING,Physical descriptions,expressive eyebrows,"admiration, fear, nervousness, disgust, curiosity, desire, annoyance, neutral"
DESCRIPTIVE & SENSORY WRITING,Physical descriptions,delicate hands,"admiration, fear, nervousness, disgust, curiosity, desire, annoyance, neutral"
DESCRIPTIVE & SENSORY WRITING,Physical descriptions,calloused hands,"admiration, fear, nervousness, disgust, curiosity, desire, annoyance, neutral"
DESCRIPTIVE & SENSORY WRITING,Physical descriptions,graceful posture,"admiration, fear, nervousness, disgust, curiosity, desire, annoyance, neutral"
DESCRIPTIVE & SENSORY WRITING,Physical descriptions,confident stance,"admiration, fear, nervousness, disgust, curiosity, desire, annoyance, neutral"
DESCRIPTIVE & SENSORY WRITING,Physical descriptions,nervous fidgeting,"admiration, fear, nervousness, disgust, curiosity, desire, annoyance, neutral"
DESCRIPTIVE & SENSORY WRITING,Physical descriptions,warm smile,"admiration, fear, nervousness, disgust, curiosity, desire, annoyance, neutral"
DESCRIPTIVE & SENSORY WRITING,Physical descriptions,shy smile,"admiration, fear, nervousness, disgust, curiosity, desire, annoyance, neutral"
DESCRIPTIVE & SENSORY WRITING,Physical descriptions,stern look,"admiration, fear, nervousness, disgust, curiosity, desire, annoyance, neutral"
DESCRIPTIVE & SENSORY WRITING,Sensory,silky,"relief, disgust, joy, fear, admiration, annoyance"
DESCRIPTIVE & SENSORY WRITING,Sensory,rough,"relief, disgust, joy, fear, admiration, annoyance"
DESCRIPTIVE & SENSORY WRITING,Sensory,smooth,"relief, disgust, joy, fear, admiration, annoyance"
DESCRIPTIVE & SENSORY WRITING,Sensory,jagged,"relief, disgust, joy, fear, admiration, annoyance"
DESCRIPTIVE & SENSORY WRITING,Sensory,sticky,"relief, disgust, joy, fear, admiration, annoyance"
DESCRIPTIVE & SENSORY WRITING,Sensory,soft,"relief, disgust, joy, fear, admiration, annoyance"
DESCRIPTIVE & SENSORY WRITING,Sensory,hard,"relief, disgust, joy, fear, admiration, annoyance"
DESCRIPTIVE & SENSORY WRITING,Sensory,sharp,"relief, disgust, joy, fear, admiration, annoyance"
DESCRIPTIVE & SENSORY WRITING,Sensory,bitter,"relief, disgust, joy, fear, admiration, annoyance"
DESCRIPTIVE & SENSORY WRITING,Sensory,sweet,"relief, disgust, joy, fear, admiration, annoyance"
DESCRIPTIVE & SENSORY WRITING,Sensory,sour,"relief, disgust, joy, fear, admiration, annoyance"
DESCRIPTIVE & SENSORY WRITING,Sensory,pungent,"relief, disgust, joy, fear, admiration, annoyance"
DESCRIPTIVE & SENSORY WRITING,Sensory,fragrant,"relief, disgust, joy, fear, admiration, annoyance"
DESCRIPTIVE & SENSORY WRITING,Sensory,musty,"relief, disgust, joy, fear, admiration, annoyance"
DESCRIPTIVE & SENSORY WRITING,Sensory,fresh,"relief, disgust, joy, fear, admiration, annoyance"
DESCRIPTIVE & SENSORY WRITING,Sensory,metallic,"relief, disgust, joy, fear, admiration, annoyance"
DESCRIPTIVE & SENSORY WRITING,Sensory,earthy,"relief, disgust, joy, fear, admiration, annoyance"
DESCRIPTIVE & SENSORY WRITING,Sensory,crisp,"relief, disgust, joy, fear, admiration, annoyance"
DESCRIPTIVE & SENSORY WRITING,Sensory,warm,"relief, disgust, joy, fear, admiration, annoyance"
DESCRIPTIVE & SENSORY WRITING,Sensory,cool,"relief, disgust, joy, fear, admiration, annoyance"
DESCRIPTIVE & SENSORY WRITING,Sensory,humid,"relief, disgust, joy, fear, admiration, annoyance"
DESCRIPTIVE & SENSORY WRITING,Sensory,dry,"relief, disgust, joy, fear, admiration, annoyance"
DESCRIPTIVE & SENSORY WRITING,Sensory,fragrant,"relief, disgust, joy, fear, admiration, annoyance"
DESCRIPTIVE & SENSORY WRITING,Sensory,aromatic,"relief, disgust, joy, fear, admiration, annoyance"
DESCRIPTIVE & SENSORY WRITING,Sensory,spicy,"relief, disgust, joy, fear, admiration, annoyance"
DESCRIPTIVE & SENSORY WRITING,Sensory,salty,"relief, disgust, joy, fear, admiration, annoyance"
DESCRIPTIVE & SENSORY WRITING,Sensory,tangy,"relief, disgust, joy, fear, admiration, annoyance"
DESCRIPTIVE & SENSORY WRITING,Sensory,rich,"relief, disgust, joy, fear, admiration, annoyance"
DESCRIPTIVE & SENSORY WRITING,Sensory,muted,"relief, disgust, joy, fear, admiration, annoyance"
DESCRIPTIVE & SENSORY WRITING,Sensory,dazzling,"relief, disgust, joy, fear, admiration, annoyance"
DESCRIPTIVE & SENSORY WRITING,Sensory,shimmering,"relief, disgust, joy, fear, admiration, annoyance"
DESCRIPTIVE & SENSORY WRITING,Sensory,glowing,"relief, disgust, joy, fear, admiration, annoyance"
DESCRIPTIVE & SENSORY WRITING,Sensory,sparkling,"relief, disgust, joy, fear, admiration, annoyance"
DESCRIPTIVE & SENSORY WRITING,Sensory,shadowy,"relief, disgust, joy, fear, admiration, annoyance"
DESCRIPTIVE & SENSORY WRITING,Sensory,dark,"relief, disgust, joy, fear, admiration, annoyance"
DESCRIPTIVE & SENSORY WRITING,Sensory,luminous,"relief, disgust, joy, fear, admiration, annoyance"
DESCRIPTIVE & SENSORY WRITING,Sensory,vibrant,"relief, disgust, joy, fear, admiration, annoyance"
DESCRIPTIVE & SENSORY WRITING,Sensory,hazy,"relief, disgust, joy, fear, admiration, annoyance"
DESCRIPTIVE & SENSORY WRITING,Sensory,translucent,"relief, disgust, joy, fear, admiration, annoyance"
DESCRIPTIVE & SENSORY WRITING,Sensory,opaque,"relief, disgust, joy, fear, admiration, annoyance"
LIFESTYLE & LIFE EVENTS,Career,job,"confusion, disappointment, pride, fear, joy, nervousness, optimism, neutral"
LIFESTYLE & LIFE EVENTS,Career,interview,"confusion, disappointment, pride, fear, joy, nervousness, optimism, neutral"
LIFESTYLE & LIFE EVENTS,Career,boss,"confusion, disappointment, pride, fear, joy, nervousness, optimism, neutral"
LIFESTYLE & LIFE EVENTS,Career,promotion,"confusion, disappointment, pride, fear, joy, nervousness, optimism, neutral"
LIFESTYLE & LIFE EVENTS,Career,resign,"confusion, disappointment, pride, fear, joy, nervousness, optimism, neutral"
LIFESTYLE & LIFE EVENTS,Career,career path,"confusion, disappointment, pride, fear, joy, nervousness, optimism, neutral"
LIFESTYLE & LIFE EVENTS,Career,work stress,"confusion, disappointment, pride, fear, joy, nervousness, optimism, neutral"
LIFESTYLE & LIFE EVENTS,Career,raise,"confusion, disappointment, pride, fear, joy, nervousness, optimism, neutral"
LIFESTYLE & LIFE EVENTS,Career,fired,"confusion, disappointment, pride, fear, joy, nervousness, optimism, neutral"
LIFESTYLE & LIFE EVENTS,Career,laid off,"confusion, disappointment, pride, fear, joy, nervousness, optimism, neutral"
LIFESTYLE & LIFE EVENTS,Career,new position,"confusion, disappointment, pride, fear, joy, nervousness, optimism, neutral"
LIFESTYLE & LIFE EVENTS,Career,internship,"confusion, disappointment, pride, fear, joy, nervousness, optimism, neutral"
LIFESTYLE & LIFE EVENTS,Career,networking,"confusion, disappointment, pride, fear, joy, nervousness, optimism, neutral"
LIFESTYLE & LIFE EVENTS,Career,project,"confusion, disappointment, pride, fear, joy, nervousness, optimism, neutral"
LIFESTYLE & LIFE EVENTS,Career,team dynamics,"confusion, disappointment, pride, fear, joy, nervousness, optimism, neutral"
LIFESTYLE & LIFE EVENTS,Career,deadlines,"confusion, disappointment, pride, fear, joy, nervousness, optimism, neutral"
LIFESTYLE & LIFE EVENTS,Career,performance review,"confusion, disappointment, pride, fear, joy, nervousness, optimism, neutral"
LIFESTYLE & LIFE EVENTS,Career,career growth,"confusion, disappointment, pride, fear, joy, nervousness, optimism, neutral"
LIFESTYLE & LIFE EVENTS,Career,mentorship,"confusion, disappointment, pride, fear, joy, nervousness, optimism, neutral"
LIFESTYLE & LIFE EVENTS,Career,job offer,"confusion, disappointment, pride, fear, joy, nervousness, optimism, neutral"
LIFESTYLE & LIFE EVENTS,Career,probation period,"confusion, disappointment, pride, fear, joy, nervousness, optimism, neutral"
LIFESTYLE & LIFE EVENTS,Career,workplace conflict,"confusion, disappointment, pride, fear, joy, nervousness, optimism, neutral"
LIFESTYLE & LIFE EVENTS,Career,office politics,"confusion, disappointment, pride, fear, joy, nervousness, optimism, neutral"
LIFESTYLE & LIFE EVENTS,Career,remote work,"confusion, disappointment, pride, fear, joy, nervousness, optimism, neutral"
LIFESTYLE & LIFE EVENTS,Career,commute,"confusion, disappointment, pride, fear, joy, nervousness, optimism, neutral"
LIFESTYLE & LIFE EVENTS,Career,overtime,"confusion, disappointment, pride, fear, joy, nervousness, optimism, neutral"
LIFESTYLE & LIFE EVENTS,Career,contract,"confusion, disappointment, pride, fear, joy, nervousness, optimism, neutral"
LIFESTYLE & LIFE EVENTS,Career,responsibilities,"confusion, disappointment, pride, fear, joy, nervousness, optimism, neutral"
LIFESTYLE & LIFE EVENTS,Career,multitasking,"confusion, disappointment, pride, fear, joy, nervousness, optimism, neutral"
LIFESTYLE & LIFE EVENTS,Career,career pivot,"confusion, disappointment, pride, fear, joy, nervousness, optimism, neutral"
LIFESTYLE & LIFE EVENTS,Career,entrepreneurship,"confusion, disappointment, pride, fear, joy, nervousness, optimism, neutral"
LIFESTYLE & LIFE EVENTS,Career,employee,"confusion, disappointment, pride, fear, joy, nervousness, optimism, neutral"
LIFESTYLE & LIFE EVENTS,Career,employer,"confusion, disappointment, pride, fear, joy, nervousness, optimism, neutral"
LIFESTYLE & LIFE EVENTS,Housing,apartment,"neutral, excitement, nervousness, relief, fear, joy"
LIFESTYLE & LIFE EVENTS,Housing,rent,"neutral, excitement, nervousness, relief, fear, joy"
LIFESTYLE & LIFE EVENTS,Housing,moving out,"neutral, excitement, nervousness, relief, fear, joy"
LIFESTYLE & LIFE EVENTS,Housing,new city,"neutral, excitement, nervousness, relief, fear, joy"
LIFESTYLE & LIFE EVENTS,Housing,roommate,"neutral, excitement, nervousness, relief, fear, joy"
LIFESTYLE & LIFE EVENTS,Housing,home,"neutral, excitement, nervousness, relief, fear, joy"
LIFESTYLE & LIFE EVENTS,Housing,flat,"neutral, excitement, nervousness, relief, fear, joy"
LIFESTYLE & LIFE EVENTS,Housing,house,"neutral, excitement, nervousness, relief, fear, joy"
LIFESTYLE & LIFE EVENTS,Housing,mortgage,"neutral, excitement, nervousness, relief, fear, joy"
LIFESTYLE & LIFE EVENTS,Housing,landlord,"neutral, excitement, nervousness, relief, fear, joy"
LIFESTYLE & LIFE EVENTS,Housing,lease,"neutral, excitement, nervousness, relief, fear, joy"
LIFESTYLE & LIFE EVENTS,Housing,neighborhood,"neutral, excitement, nervousness, relief, fear, joy"
LIFESTYLE & LIFE EVENTS,Housing,relocation,"neutral, excitement, nervousness, relief, fear, joy"
LIFESTYLE & LIFE EVENTS,Housing,furniture,"neutral, excitement, nervousness, relief, fear, joy"
LIFESTYLE & LIFE EVENTS,Housing,renovation,"neutral, excitement, nervousness, relief, fear, joy"
LIFESTYLE & LIFE EVENTS,Housing,interior design,"neutral, excitement, nervousness, relief, fear, joy"
LIFESTYLE & LIFE EVENTS,Housing,moving boxes,"neutral, excitement, nervousness, relief, fear, joy"
LIFESTYLE & LIFE EVENTS,Housing,property,"neutral, excitement, nervousness, relief, fear, joy"
LIFESTYLE & LIFE EVENTS,Housing,backyard,"neutral, excitement, nervousness, relief, fear, joy"
LIFESTYLE & LIFE EVENTS,Housing,garden,"neutral, excitement, nervousness, relief, fear, joy"
LIFESTYLE & LIFE EVENTS,Housing,utilities,"neutral, excitement, nervousness, relief, fear, joy"
LIFESTYLE & LIFE EVENTS,Housing,decorating,"neutral, excitement, nervousness, relief, fear, joy"
LIFESTYLE & LIFE EVENTS,Housing,cozy,"neutral, excitement, nervousness, relief, fear, joy"
LIFESTYLE & LIFE EVENTS,Housing,cluttered,"neutral, excitement, nervousness, relief, fear, joy"
LIFESTYLE & LIFE EVENTS,Housing,minimalist,"neutral, excitement, nervousness, relief, fear, joy"
LIFESTYLE & LIFE EVENTS,Housing,cramped,"neutral, excitement, nervousness, relief, fear, joy"
LIFESTYLE & LIFE EVENTS,Housing,spacious,"neutral, excitement, nervousness, relief, fear, joy"
LIFESTYLE & LIFE EVENTS,Housing,suburban,"neutral, excitement, nervousness, relief, fear, joy"
LIFESTYLE & LIFE EVENTS,Housing,urban,"neutral, excitement, nervousness, relief, fear, joy"
LIFESTYLE & LIFE EVENTS,Housing,cityscape,"neutral, excitement, nervousness, relief, fear, joy"
LIFESTYLE & LIFE EVENTS,Housing,homely,"neutral, excitement, nervousness, relief, fear, joy"
LIFESTYLE & LIFE EVENTS,Housing,temporary housing,"neutral, excitement, nervousness, relief, fear, joy"
LIFESTYLE & LIFE EVENTS,Finances,money,"nervousness, fear, relief, disappointment, joy"
LIFESTYLE & LIFE EVENTS,Finances,bills,"nervousness, fear, relief, disappointment, joy"
LIFESTYLE & LIFE EVENTS,Finances,broke,"nervousness, fear, relief, disappointment, joy"
LIFESTYLE & LIFE EVENTS,Finances,saving,"nervousness, fear, relief, disappointment, joy"
LIFESTYLE & LIFE EVENTS,Finances,budget,"nervousness, fear, relief, disappointment, joy"
LIFESTYLE & LIFE EVENTS,Finances,expenses,"nervousness, fear, relief, disappointment, joy"
LIFESTYLE & LIFE EVENTS,Finances,paycheck,"nervousness, fear, relief, disappointment, joy"
LIFESTYLE & LIFE EVENTS,Finances,debt,"nervousness, fear, relief, disappointment, joy"
LIFESTYLE & LIFE EVENTS,Finances,loan,"nervousness, fear, relief, disappointment, joy"
LIFESTYLE & LIFE EVENTS,Finances,interest,"nervousness, fear, relief, disappointment, joy"
LIFESTYLE & LIFE EVENTS,Finances,credit card,"nervousness, fear, relief, disappointment, joy"
LIFESTYLE & LIFE EVENTS,Finances,bank account,"nervousness, fear, relief, disappointment, joy"
LIFESTYLE & LIFE EVENTS,Finances,emergency fund,"nervousness, fear, relief, disappointment, joy"
LIFESTYLE & LIFE EVENTS,Finances,financial planning,"nervousness, fear, relief, disappointment, joy"
LIFESTYLE & LIFE EVENTS,Finances,investing,"nervousness, fear, relief, disappointment, joy"
LIFESTYLE & LIFE EVENTS,Finances,taxes,"nervousness, fear, relief, disappointment, joy"
LIFESTYLE & LIFE EVENTS,Finances,rent,"nervousness, fear, relief, disappointment, joy"
LIFESTYLE & LIFE EVENTS,Finances,grocery bills,"nervousness, fear, relief, disappointment, joy"
LIFESTYLE & LIFE EVENTS,Finances,subscription,"nervousness, fear, relief, disappointment, joy"
LIFESTYLE & LIFE EVENTS,Finances,spending habits,"nervousness, fear, relief, disappointment, joy"
LIFESTYLE & LIFE EVENTS,Finances,budgeting app,"nervousness, fear, relief, disappointment, joy"
LIFESTYLE & LIFE EVENTS,Finances,paycheck-to-paycheck,"nervousness, fear, relief, disappointment, joy"
LIFESTYLE & LIFE EVENTS,Finances,wealth,"nervousness, fear, relief, disappointment, joy"
LIFESTYLE & LIFE EVENTS,Finances,frugal,"nervousness, fear, relief, disappointment, joy"
LIFESTYLE & LIFE EVENTS,Finances,expensive,"nervousness, fear, relief, disappointment, joy"
LIFESTYLE & LIFE EVENTS,Finances,luxury,"nervousness, fear, relief, disappointment, joy"
LIFESTYLE & LIFE EVENTS,Finances,savings goal,"nervousness, fear, relief, disappointment, joy"
LIFESTYLE & LIFE EVENTS,Finances,financial stress,"nervousness, fear, relief, disappointment, joy"
LIFESTYLE & LIFE EVENTS,Finances,retirement fund,"nervousness, fear, relief, disappointment, joy"
LIFESTYLE & LIFE EVENTS,Finances,managing money,"nervousness, fear, relief, disappointment, joy"
LIFESTYLE & LIFE EVENTS,Health events,illness,"fear, nervousness, relief, grief, optimism, sadness, disgust, surprise"
LIFESTYLE & LIFE EVENTS,Health events,injury,"fear, nervousness, relief, grief, optimism, sadness, disgust, surprise"
LIFESTYLE & LIFE EVENTS,Health events,diagnosis,"fear, nervousness, relief, grief, optimism, sadness, disgust, surprise"
LIFESTYLE & LIFE EVENTS,Health events,surgery,"fear, nervousness, relief, grief, optimism, sadness, disgust, surprise"
LIFESTYLE & LIFE EVENTS,Health events,recovery,"fear, nervousness, relief, grief, optimism, sadness, disgust, surprise"
LIFESTYLE & LIFE EVENTS,Health events,hospital,"fear, nervousness, relief, grief, optimism, sadness, disgust, surprise"
LIFESTYLE & LIFE EVENTS,Health events,doctor,"fear, nervousness, relief, grief, optimism, sadness, disgust, surprise"
LIFESTYLE & LIFE EVENTS,Health events,clinic,"fear, nervousness, relief, grief, optimism, sadness, disgust, surprise"
LIFESTYLE & LIFE EVENTS,Health events,treatment,"fear, nervousness, relief, grief, optimism, sadness, disgust, surprise"
LIFESTYLE & LIFE EVENTS,Health events,chronic illness,"fear, nervousness, relief, grief, optimism, sadness, disgust, surprise"
LIFESTYLE & LIFE EVENTS,Health events,acute illness,"fear, nervousness, relief, grief, optimism, sadness, disgust, surprise"
LIFESTYLE & LIFE EVENTS,Health events,fever,"fear, nervousness, relief, grief, optimism, sadness, disgust, surprise"
LIFESTYLE & LIFE EVENTS,Health events,medication,"fear, nervousness, relief, grief, optimism, sadness, disgust, surprise"
LIFESTYLE & LIFE EVENTS,Health events,therapy,"fear, nervousness, relief, grief, optimism, sadness, disgust, surprise"
LIFESTYLE & LIFE EVENTS,Health events,check-up,"fear, nervousness, relief, grief, optimism, sadness, disgust, surprise"
LIFESTYLE & LIFE EVENTS,Health events,vaccination,"fear, nervousness, relief, grief, optimism, sadness, disgust, surprise"
LIFESTYLE & LIFE EVENTS,Health events,follow-up,"fear, nervousness, relief, grief, optimism, sadness, disgust, surprise"
LIFESTYLE & LIFE EVENTS,Health events,health scare,"fear, nervousness, relief, grief, optimism, sadness, disgust, surprise"
LIFESTYLE & LIFE EVENTS,Health events,physical therapy,"fear, nervousness, relief, grief, optimism, sadness, disgust, surprise"
LIFESTYLE & LIFE EVENTS,Health events,mental health check,"fear, nervousness, relief, grief, optimism, sadness, disgust, surprise"
LIFESTYLE & LIFE EVENTS,Health events,hospitalization,"fear, nervousness, relief, grief, optimism, sadness, disgust, surprise"
LIFESTYLE & LIFE EVENTS,Health events,side effects,"fear, nervousness, relief, grief, optimism, sadness, disgust, surprise"
LIFESTYLE & LIFE EVENTS,Health events,rehabilitation,"fear, nervousness, relief, grief, optimism, sadness, disgust, surprise"
LIFESTYLE & LIFE EVENTS,Health events,fatigue,"fear, nervousness, relief, grief, optimism, sadness, disgust, surprise"
LIFESTYLE & LIFE EVENTS,Health events,doctor's appointment,"fear, nervousness, relief, grief, optimism, sadness, disgust, surprise"
LIFESTYLE & LIFE EVENTS,Health events,lab tests,"fear, nervousness, relief, grief, optimism, sadness, disgust, surprise"
LIFESTYLE & LIFE EVENTS,Health events,MRI,"fear, nervousness, relief, grief, optimism, sadness, disgust, surprise"
LIFESTYLE & LIFE EVENTS,Health events,X-ray,"fear, nervousness, relief, grief, optimism, sadness, disgust, surprise"
LIFESTYLE & LIFE EVENTS,Health events,procedure,"fear, nervousness, relief, grief, optimism, sadness, disgust, surprise"
LIFESTYLE & LIFE EVENTS,Health events,health insurance,"fear, nervousness, relief, grief, optimism, sadness, disgust, surprise"
LIFESTYLE & LIFE EVENTS,Health events,symptom management,"fear, nervousness, relief, grief, optimism, sadness, disgust, surprise"
LIFESTYLE & LIFE EVENTS,Health events,cancer,"fear, nervousness, relief, grief, optimism, sadness, disgust, surprise"
LIFESTYLE & LIFE EVENTS,Health events,tumor,"fear, nervousness, relief, grief, optimism, sadness, disgust, surprise"
LIFESTYLE & LIFE EVENTS,Health events,hospice,"fear, nervousness, relief, grief, optimism, sadness, disgust, surprise"
LIFESTYLE & LIFE EVENTS,Health events,palliative,"fear, nervousness, relief, grief, optimism, sadness, disgust, surprise"
LIFESTYLE & LIFE EVENTS,Parenthood,baby,"joy, love, nervousness, fear, caring, pride, admiration"
LIFESTYLE & LIFE EVENTS,Parenthood,pregnancy,"joy, love, nervousness, fear, caring, pride, admiration"
LIFESTYLE & LIFE EVENTS,Parenthood,parent,"joy, love, nervousness, fear, caring, pride, admiration"
LIFESTYLE & LIFE EVENTS,Parenthood,child,"joy, love, nervousness, fear, caring, pride, admiration"
LIFESTYLE & LIFE EVENTS,Parenthood,motherhood,"joy, love, nervousness, fear, caring, pride, admiration"
LIFESTYLE & LIFE EVENTS,Parenthood,fatherhood,"joy, love, nervousness, fear, caring, pride, admiration"
LIFESTYLE & LIFE EVENTS,Parenthood,trying to conceive,"joy, love, nervousness, fear, caring, pride, admiration"
LIFESTYLE & LIFE EVENTS,Parenthood,maternal leave,"joy, love, nervousness, fear, caring, pride, admiration"
LIFESTYLE & LIFE EVENTS,Parenthood,paternal leave,"joy, love, nervousness, fear, caring, pride, admiration"
LIFESTYLE & LIFE EVENTS,Parenthood,first trimester,"joy, love, nervousness, fear, caring, pride, admiration"
LIFESTYLE & LIFE EVENTS,Parenthood,second trimester,"joy, love, nervousness, fear, caring, pride, admiration"
LIFESTYLE & LIFE EVENTS,Parenthood,third trimester,"joy, love, nervousness, fear, caring, pride, admiration"
LIFESTYLE & LIFE EVENTS,Parenthood,trimester,"joy, love, nervousness, fear, caring, pride, admiration"
LIFESTYLE & LIFE EVENTS,Parenthood,breastfeeding,"joy, love, nervousness, fear, caring, pride, admiration"
LIFESTYLE & LIFE EVENTS,Parenthood,newborn,"joy, love, nervousness, fear, caring, pride, admiration"
LIFESTYLE & LIFE EVENTS,Parenthood,toddler,"joy, love, nervousness, fear, caring, pride, admiration"
LIFESTYLE & LIFE EVENTS,Parenthood,diaper,"joy, love, nervousness, fear, caring, pride, admiration"
LIFESTYLE & LIFE EVENTS,Parenthood,parenting,"joy, love, nervousness, fear, caring, pride, admiration"
LIFESTYLE & LIFE EVENTS,Parenthood,adoption,"joy, love, nervousness, fear, caring, pride, admiration"
LIFESTYLE & LIFE EVENTS,Parenthood,parenting stress,"joy, love, nervousness, fear, caring, pride, admiration"
LIFESTYLE & LIFE EVENTS,Parenthood,bonding,"joy, love, nervousness, fear, caring, pride, admiration"
LIFESTYLE & LIFE EVENTS,Parenthood,lullaby,"joy, love, nervousness, fear, caring, pride, admiration"
LIFESTYLE & LIFE EVENTS,Parenthood,bedtime routine,"joy, love, nervousness, fear, caring, pride, admiration"
LIFESTYLE & LIFE EVENTS,Parenthood,school age,"joy, love, nervousness, fear, caring, pride, admiration"
LIFESTYLE & LIFE EVENTS,Parenthood,parenting milestone,"joy, love, nervousness, fear, caring, pride, admiration"
LIFESTYLE & LIFE EVENTS,Parenthood,vaccination,"joy, love, nervousness, fear, caring, pride, admiration"
LIFESTYLE & LIFE EVENTS,Parenthood,playdate,"joy, love, nervousness, fear, caring, pride, admiration"
LIFESTYLE & LIFE EVENTS,Parenthood,family planning,"joy, love, nervousness, fear, caring, pride, admiration"
LIFESTYLE & LIFE EVENTS,Parenthood,childcare,"joy, love, nervousness, fear, caring, pride, admiration"
LIFESTYLE & LIFE EVENTS,Parenthood,nanny,"joy, love, nervousness, fear, caring, pride, admiration"
LIFESTYLE & LIFE EVENTS,Parenthood,parenting advice,"joy, love, nervousness, fear, caring, pride, admiration"
LIFESTYLE & LIFE EVENTS,Goals,goal,"curiosity, excitement, nervousness, pride, fear, joy, optimism"
LIFESTYLE & LIFE EVENTS,Goals,resolution,"curiosity, excitement, nervousness, pride, fear, joy, optimism"
LIFESTYLE & LIFE EVENTS,Goals,plan,"curiosity, excitement, nervousness, pride, fear, joy, optimism"
LIFESTYLE & LIFE EVENTS,Goals,ambition,"curiosity, excitement, nervousness, pride, fear, joy, optimism"
LIFESTYLE & LIFE EVENTS,Goals,checklist,"curiosity, excitement, nervousness, pride, fear, joy, optimism"
LIFESTYLE & LIFE EVENTS,Goals,improvement,"curiosity, excitement, nervousness, pride, fear, joy, optimism"
LIFESTYLE & LIFE EVENTS,Goals,milestone,"curiosity, excitement, nervousness, pride, fear, joy, optimism"
LIFESTYLE & LIFE EVENTS,Goals,aspiration,"curiosity, excitement, nervousness, pride, fear, joy, optimism"
LIFESTYLE & LIFE EVENTS,Goals,objective,"curiosity, excitement, nervousness, pride, fear, joy, optimism"
LIFESTYLE & LIFE EVENTS,Goals,target,"curiosity, excitement, nervousness, pride, fear, joy, optimism"
LIFESTYLE & LIFE EVENTS,Goals,achievement,"curiosity, excitement, nervousness, pride, fear, joy, optimism"
LIFESTYLE & LIFE EVENTS,Goals,personal growth,"curiosity, excitement, nervousness, pride, fear, joy, optimism"
LIFESTYLE & LIFE EVENTS,Goals,challenge,"curiosity, excitement, nervousness, pride, fear, joy, optimism"
LIFESTYLE & LIFE EVENTS,Goals,bucket list,"curiosity, excitement, nervousness, pride, fear, joy, optimism"
LIFESTYLE & LIFE EVENTS,Goals,self-improvement,"curiosity, excitement, nervousness, pride, fear, joy, optimism"
LIFESTYLE & LIFE EVENTS,Goals,vision board,"curiosity, excitement, nervousness, pride, fear, joy, optimism"
LIFESTYLE & LIFE EVENTS,Goals,short-term goal,"curiosity, excitement, nervousness, pride, fear, joy, optimism"
LIFESTYLE & LIFE EVENTS,Goals,long-term goal,"curiosity, excitement, nervousness, pride, fear, joy, optimism"
LIFESTYLE & LIFE EVENTS,Goals,career goal,"curiosity, excitement, nervousness, pride, fear, joy, optimism"
LIFESTYLE & LIFE EVENTS,Goals,fitness goal,"curiosity, excitement, nervousness, pride, fear, joy, optimism"
LIFESTYLE & LIFE EVENTS,Goals,habit goal,"curiosity, excitement, nervousness, pride, fear, joy, optimism"
LIFESTYLE & LIFE EVENTS,Goals,education goal,"curiosity, excitement, nervousness, pride, fear, joy, optimism"
LIFESTYLE & LIFE EVENTS,Goals,learning objective,"curiosity, excitement, nervousness, pride, fear, joy, optimism"
LIFESTYLE & LIFE EVENTS,Goals,motivation,"curiosity, excitement, nervousness, pride, fear, joy, optimism"
LIFESTYLE & LIFE EVENTS,Goals,step-by-step plan,"curiosity, excitement, nervousness, pride, fear, joy, optimism"
LIFESTYLE & LIFE EVENTS,Goals,measurable outcome,"curiosity, excitement, nervousness, pride, fear, joy, optimism"
LIFESTYLE & LIFE EVENTS,Goals,checklist,"curiosity, excitement, nervousness, pride, fear, joy, optimism"
LIFESTYLE & LIFE EVENTS,Decision-making,deciding,"nervousness, confusion, fear, relief"
LIFESTYLE & LIFE EVENTS,Decision-making,choice,"nervousness, confusion, fear, relief"
LIFESTYLE & LIFE EVENTS,Decision-making,dilemma,"nervousness, confusion, fear, relief"
LIFESTYLE & LIFE EVENTS,Decision-making,weighing options,"nervousness, confusion, fear, relief"
LIFESTYLE & LIFE EVENTS,Decision-making,considering,"nervousness, confusion, fear, relief"
LIFESTYLE & LIFE EVENTS,Decision-making,pros,"nervousness, confusion, fear, relief"
LIFESTYLE & LIFE EVENTS,Decision-making,cons,"nervousness, confusion, fear, relief"
LIFESTYLE & LIFE EVENTS,Decision-making,decision making,"nervousness, confusion, fear, relief"
LIFESTYLE & LIFE EVENTS,Decision-making,choices,"nervousness, confusion, fear, relief"
LIFESTYLE & LIFE EVENTS,Decision-making,decision,"nervousness, confusion, fear, relief"
LIFESTYLE & LIFE EVENTS,Decision-making,uncertainty,"nervousness, confusion, fear, relief"
LIFESTYLE & LIFE EVENTS,Decision-making,indecision,"nervousness, confusion, fear, relief"
LIFESTYLE & LIFE EVENTS,Decision-making,pondering,"nervousness, confusion, fear, relief"
LIFESTYLE & LIFE EVENTS,Decision-making,analyzing,"nervousness, confusion, fear, relief"
LIFESTYLE & LIFE EVENTS,Decision-making,brainstorming,"nervousness, confusion, fear, relief"
LIFESTYLE & LIFE EVENTS,Decision-making,evaluating,"nervousness, confusion, fear, relief"
LIFESTYLE & LIFE EVENTS,Decision-making,risk assessment,"nervousness, confusion, fear, relief"
LIFESTYLE & LIFE EVENTS,Decision-making,gut feeling,"nervousness, confusion, fear, relief"
LIFESTYLE & LIFE EVENTS,Decision-making,intuition,"nervousness, confusion, fear, relief"
LIFESTYLE & LIFE EVENTS,Decision-making,judgment,"nervousness, confusion, fear, relief"
LIFESTYLE & LIFE EVENTS,Decision-making,prioritizing,"nervousness, confusion, fear, relief"
LIFESTYLE & LIFE EVENTS,Decision-making,compromise,"nervousness, confusion, fear, relief"
LIFESTYLE & LIFE EVENTS,Decision-making,selecting,"nervousness, confusion, fear, relief"
LIFESTYLE & LIFE EVENTS,Decision-making,options,"nervousness, confusion, fear, relief"
LIFESTYLE & LIFE EVENTS,Decision-making,solution,"nervousness, confusion, fear, relief"
LIFESTYLE & LIFE EVENTS,Decision-making,alternative,"nervousness, confusion, fear, relief"
LIFESTYLE & LIFE EVENTS,Decision-making,trade-off,"nervousness, confusion, fear, relief"
LIFESTYLE & LIFE EVENTS,Decision-making,strategy,"nervousness, confusion, fear, relief"
LIFESTYLE & LIFE EVENTS,Decision-making,deliberation,"nervousness, confusion, fear, relief"
LIFESTYLE & LIFE EVENTS,Decision-making,mental weighing,"nervousness, confusion, fear, relief"
LIFESTYLE & LIFE EVENTS,Hopes,dream,"excitement, pride, joy, curiosity, optimism, fear, confusion"
LIFESTYLE & LIFE EVENTS,Hopes,plan ahead,"excitement, pride, joy, curiosity, optimism, fear, confusion"
LIFESTYLE & LIFE EVENTS,Hopes,vision,"excitement, pride, joy, curiosity, optimism, fear, confusion"
LIFESTYLE & LIFE EVENTS,Hopes,next year,"excitement, pride, joy, curiosity, optimism, fear, confusion"
LIFESTYLE & LIFE EVENTS,Hopes,future,"excitement, pride, joy, curiosity, optimism, fear, confusion"
LIFESTYLE & LIFE EVENTS,Hopes,aspirations,"excitement, pride, joy, curiosity, optimism, fear, confusion"
LIFESTYLE & LIFE EVENTS,Hopes,ambition,"excitement, pride, joy, curiosity, optimism, fear, confusion"
LIFESTYLE & LIFE EVENTS,Hopes,hope,"excitement, pride, joy, curiosity, optimism, fear, confusion"
LIFESTYLE & LIFE EVENTS,Hopes,goal-setting,"excitement, pride, joy, curiosity, optimism, fear, confusion"
LIFESTYLE & LIFE EVENTS,Hopes,long-term plan,"excitement, pride, joy, curiosity, optimism, fear, confusion"
LIFESTYLE & LIFE EVENTS,Hopes,next chapter,"excitement, pride, joy, curiosity, optimism, fear, confusion"
LIFESTYLE & LIFE EVENTS,Hopes,life goals,"excitement, pride, joy, curiosity, optimism, fear, confusion"
LIFESTYLE & LIFE EVENTS,Hopes,bucket list,"excitement, pride, joy, curiosity, optimism, fear, confusion"
LIFESTYLE & LIFE EVENTS,Hopes,next steps,"excitement, pride, joy, curiosity, optimism, fear, confusion"
LIFESTYLE & LIFE EVENTS,Hopes,planning,"excitement, pride, joy, curiosity, optimism, fear, confusion"
LIFESTYLE & LIFE EVENTS,Hopes,looking forward,"excitement, pride, joy, curiosity, optimism, fear, confusion"
LIFESTYLE & LIFE EVENTS,Hopes,excitement,"excitement, pride, joy, curiosity, optimism, fear, confusion"
LIFESTYLE & LIFE EVENTS,Hopes,anticipation,"excitement, pride, joy, curiosity, optimism, fear, confusion"
LIFESTYLE & LIFE EVENTS,Hopes,aspirations for family,"excitement, pride, joy, curiosity, optimism, fear, confusion"
LIFESTYLE & LIFE EVENTS,Hopes,travel plans,"excitement, pride, joy, curiosity, optimism, fear, confusion"
LIFESTYLE & LIFE EVENTS,Hopes,retirement plan,"excitement, pride, joy, curiosity, optimism, fear, confusion"
LIFESTYLE & LIFE EVENTS,Hopes,career vision,"excitement, pride, joy, curiosity, optimism, fear, confusion"
LIFESTYLE & LIFE EVENTS,Hopes,personal vision,"excitement, pride, joy, curiosity, optimism, fear, confusion"
LIFESTYLE & LIFE EVENTS,Hopes,optimistic,"excitement, pride, joy, curiosity, optimism, fear, confusion"
LIFESTYLE & LIFE EVENTS,Hopes,foresight,"excitement, pride, joy, curiosity, optimism, fear, confusion"
LIFESTYLE & LIFE EVENTS,Hopes,goal visualization,"excitement, pride, joy, curiosity, optimism, fear, confusion"
LIFESTYLE & LIFE EVENTS,Routines,morning routine,"relief, neutral, pride, nervousness"
LIFESTYLE & LIFE EVENTS,Routines,schedule,"relief, neutral, pride, nervousness"
LIFESTYLE & LIFE EVENTS,Routines,daily habits,"relief, neutral, pride, nervousness"
LIFESTYLE & LIFE EVENTS,Routines,evening routine,"relief, neutral, pride, nervousness"
LIFESTYLE & LIFE EVENTS,Routines,exercise,"relief, neutral, pride, nervousness"
LIFESTYLE & LIFE EVENTS,Routines,skincare,"relief, neutral, pride, nervousness"
LIFESTYLE & LIFE EVENTS,Routines,meditation,"relief, neutral, pride, nervousness"
LIFESTYLE & LIFE EVENTS,Routines,breakfast,"relief, neutral, pride, nervousness"
LIFESTYLE & LIFE EVENTS,Routines,commute,"relief, neutral, pride, nervousness"
LIFESTYLE & LIFE EVENTS,Routines,work routine,"relief, neutral, pride, nervousness"
LIFESTYLE & LIFE EVENTS,Routines,study schedule,"relief, neutral, pride, nervousness"
LIFESTYLE & LIFE EVENTS,Routines,nightly rituals,"relief, neutral, pride, nervousness"
LIFESTYLE & LIFE EVENTS,Routines,cleaning routine,"relief, neutral, pride, nervousness"
LIFESTYLE & LIFE EVENTS,Routines,self-care,"relief, neutral, pride, nervousness"
LIFESTYLE & LIFE EVENTS,Routines,journaling,"relief, neutral, pride, nervousness"
LIFESTYLE & LIFE EVENTS,Routines,yoga,"relief, neutral, pride, nervousness"
LIFESTYLE & LIFE EVENTS,Routines,stretching,"relief, neutral, pride, nervousness"
LIFESTYLE & LIFE EVENTS,Routines,productivity habits,"relief, neutral, pride, nervousness"
LIFESTYLE & LIFE EVENTS,Routines,time management,"relief, neutral, pride, nervousness"
LIFESTYLE & LIFE EVENTS,Routines,habit tracker,"relief, neutral, pride, nervousness"
LIFESTYLE & LIFE EVENTS,Routines,consistent,"relief, neutral, pride, nervousness"
LIFESTYLE & LIFE EVENTS,Routines,habitual,"relief, neutral, pride, nervousness"
LIFESTYLE & LIFE EVENTS,Routines,repetitive tasks,"relief, neutral, pride, nervousness"
LIFESTYLE & LIFE EVENTS,Routines,weekend routine,"relief, neutral, pride, nervousness"
LIFESTYLE & LIFE EVENTS,Routines,meal prep,"relief, neutral, pride, nervousness"
LIFESTYLE & LIFE EVENTS,Routines,bedtime ritual,"relief, neutral, pride, nervousness"
LIFESTYLE & LIFE EVENTS,Routines,fitness regimen,"relief, neutral, pride, nervousness"
LIFESTYLE & LIFE EVENTS,Habits,smoking,"disgust, pride, embarrassment, amusement, anger, relief"
LIFESTYLE & LIFE EVENTS,Habits,scrolling,"disgust, pride, embarrassment, amusement, anger, relief"
LIFESTYLE & LIFE EVENTS,Habits,working out,"disgust, pride, embarrassment, amusement, anger, relief"
LIFESTYLE & LIFE EVENTS,Habits,procrastination,"disgust, pride, embarrassment, amusement, anger, relief"
LIFESTYLE & LIFE EVENTS,Habits,reading,"disgust, pride, embarrassment, amusement, anger, relief"
LIFESTYLE & LIFE EVENTS,Habits,journaling,"disgust, pride, embarrassment, amusement, anger, relief"
LIFESTYLE & LIFE EVENTS,Habits,caffeine intake,"disgust, pride, embarrassment, amusement, anger, relief"
LIFESTYLE & LIFE EVENTS,Habits,snacking,"disgust, pride, embarrassment, amusement, anger, relief"
LIFESTYLE & LIFE EVENTS,Habits,drinking,"disgust, pride, embarrassment, amusement, anger, relief"
LIFESTYLE & LIFE EVENTS,Habits,exercising,"disgust, pride, embarrassment, amusement, anger, relief"
LIFESTYLE & LIFE EVENTS,Habits,gaming,"disgust, pride, embarrassment, amusement, anger, relief"
LIFESTYLE & LIFE EVENTS,Habits,watching TV,"disgust, pride, embarrassment, amusement, anger, relief"
LIFESTYLE & LIFE EVENTS,Habits,checking phone,"disgust, pride, embarrassment, amusement, anger, relief"
LIFESTYLE & LIFE EVENTS,Habits,meditation,"disgust, pride, embarrassment, amusement, anger, relief"
LIFESTYLE & LIFE EVENTS,Habits,tidying up,"disgust, pride, embarrassment, amusement, anger, relief"
LIFESTYLE & LIFE EVENTS,Habits,hobby,"disgust, pride, embarrassment, amusement, anger, relief"
LIFESTYLE & LIFE EVENTS,Habits,crafting,"disgust, pride, embarrassment, amusement, anger, relief"
LIFESTYLE & LIFE EVENTS,Habits,social media use,"disgust, pride, embarrassment, amusement, anger, relief"
LIFESTYLE & LIFE EVENTS,Habits,drinking water,"disgust, pride, embarrassment, amusement, anger, relief"
LIFESTYLE & LIFE EVENTS,Habits,walking,"disgust, pride, embarrassment, amusement, anger, relief"
LIFESTYLE & LIFE EVENTS,Habits,mindfulness practice,"disgust, pride, embarrassment, amusement, anger, relief"
LIFESTYLE & LIFE EVENTS,Habits,sleeping patterns,"disgust, pride, embarrassment, amusement, anger, relief"
LIFESTYLE & LIFE EVENTS,Habits,alcohol consumption,"disgust, pride, embarrassment, amusement, anger, relief"
LIFESTYLE & LIFE EVENTS,Habits,impulsive buying,"disgust, pride, embarrassment, amusement, anger, relief"
LIFESTYLE & LIFE EVENTS,Habits,routine behavior,"disgust, pride, embarrassment, amusement, anger, relief"
LIFESTYLE & LIFE EVENTS,Habits,habitual action,"disgust, pride, embarrassment, amusement, anger, relief"
LIFESTYLE & LIFE EVENTS,Habits,addiction,"disgust, pride, embarrassment, amusement, anger, relief"
LIFESTYLE & LIFE EVENTS,Habits,screen time,"disgust, pride, embarrassment, amusement, anger, relief"
LIFESTYLE & LIFE EVENTS,Habits,routine habit,"disgust, pride, embarrassment, amusement, anger, relief"
LIFESTYLE & LIFE EVENTS,Performance/productivity,efficient,"fear, pride, annoyance, amusement, nervousness, joy, neutral"
LIFESTYLE & LIFE EVENTS,Performance/productivity,focus,"fear, pride, annoyance, amusement, nervousness, joy, neutral"
LIFESTYLE & LIFE EVENTS,Performance/productivity,task,"fear, pride, annoyance, amusement, nervousness, joy, neutral"
LIFESTYLE & LIFE EVENTS,Performance/productivity,deadline,"fear, pride, annoyance, amusement, nervousness, joy, neutral"
LIFESTYLE & LIFE EVENTS,Performance/productivity,motivation,"fear, pride, annoyance, amusement, nervousness, joy, neutral"
LIFESTYLE & LIFE EVENTS,Performance/productivity,lazy,"fear, pride, annoyance, amusement, nervousness, joy, neutral"
LIFESTYLE & LIFE EVENTS,Performance/productivity,productivity,"fear, pride, annoyance, amusement, nervousness, joy, neutral"
LIFESTYLE & LIFE EVENTS,Performance/productivity,multitasking,"fear, pride, annoyance, amusement, nervousness, joy, neutral"
LIFESTYLE & LIFE EVENTS,Performance/productivity,burnout,"fear, pride, annoyance, amusement, nervousness, joy, neutral"
LIFESTYLE & LIFE EVENTS,Performance/productivity,procrastination,"fear, pride, annoyance, amusement, nervousness, joy, neutral"
LIFESTYLE & LIFE EVENTS,Performance/productivity,accomplishment,"fear, pride, annoyance, amusement, nervousness, joy, neutral"
LIFESTYLE & LIFE EVENTS,Performance/productivity,efficiency,"fear, pride, annoyance, amusement, nervousness, joy, neutral"
LIFESTYLE & LIFE EVENTS,Performance/productivity,time management,"fear, pride, annoyance, amusement, nervousness, joy, neutral"
LIFESTYLE & LIFE EVENTS,Performance/productivity,output,"fear, pride, annoyance, amusement, nervousness, joy, neutral"
LIFESTYLE & LIFE EVENTS,Performance/productivity,workload,"fear, pride, annoyance, amusement, nervousness, joy, neutral"
LIFESTYLE & LIFE EVENTS,Performance/productivity,workflow,"fear, pride, annoyance, amusement, nervousness, joy, neutral"
LIFESTYLE & LIFE EVENTS,Performance/productivity,organization,"fear, pride, annoyance, amusement, nervousness, joy, neutral"
LIFESTYLE & LIFE EVENTS,Performance/productivity,goal completion,"fear, pride, annoyance, amusement, nervousness, joy, neutral"
LIFESTYLE & LIFE EVENTS,Performance/productivity,performance metrics,"fear, pride, annoyance, amusement, nervousness, joy, neutral"
LIFESTYLE & LIFE EVENTS,Performance/productivity,prioritization,"fear, pride, annoyance, amusement, nervousness, joy, neutral"
LIFESTYLE & LIFE EVENTS,Performance/productivity,concentration,"fear, pride, annoyance, amusement, nervousness, joy, neutral"
LIFESTYLE & LIFE EVENTS,Performance/productivity,energy,"fear, pride, annoyance, amusement, nervousness, joy, neutral"
LIFESTYLE & LIFE EVENTS,Performance/productivity,alertness,"fear, pride, annoyance, amusement, nervousness, joy, neutral"
LIFESTYLE & LIFE EVENTS,Performance/productivity,distraction,"fear, pride, annoyance, amusement, nervousness, joy, neutral"
LIFESTYLE & LIFE EVENTS,Performance/productivity,deadlines looming,"fear, pride, annoyance, amusement, nervousness, joy, neutral"
LIFESTYLE & LIFE EVENTS,Performance/productivity,task-oriented,"fear, pride, annoyance, amusement, nervousness, joy, neutral"
LIFESTYLE & LIFE EVENTS,Performance/productivity,accountability,"fear, pride, annoyance, amusement, nervousness, joy, neutral"
LIFESTYLE & LIFE EVENTS,Performance/productivity,work ethic,"fear, pride, annoyance, amusement, nervousness, joy, neutral"
LIFESTYLE & LIFE EVENTS,Performance/productivity,momentum,"fear, pride, annoyance, amusement, nervousness, joy, neutral"
LIFESTYLE & LIFE EVENTS,Performance/productivity,progress,"fear, pride, annoyance, amusement, nervousness, joy, neutral"
LIFESTYLE & LIFE EVENTS,Performance/productivity,procrastinate,"fear, pride, annoyance, amusement, nervousness, joy, neutral"
LIFESTYLE & LIFE EVENTS,Entertainment,movies,"joy, excitement, relief, amusement, surprise"
LIFESTYLE & LIFE EVENTS,Entertainment,films,"joy, excitement, relief, amusement, surprise"
LIFESTYLE & LIFE EVENTS,Entertainment,TV shows,"joy, excitement, relief, amusement, surprise"
LIFESTYLE & LIFE EVENTS,Entertainment,series,"joy, excitement, relief, amusement, surprise"
LIFESTYLE & LIFE EVENTS,Entertainment,binge-watching,"joy, excitement, relief, amusement, surprise"
LIFESTYLE & LIFE EVENTS,Entertainment,streaming,"joy, excitement, relief, amusement, surprise"
LIFESTYLE & LIFE EVENTS,Entertainment,concerts,"joy, excitement, relief, amusement, surprise"
LIFESTYLE & LIFE EVENTS,Entertainment,music festivals,"joy, excitement, relief, amusement, surprise"
LIFESTYLE & LIFE EVENTS,Entertainment,theater,"joy, excitement, relief, amusement, surprise"
LIFESTYLE & LIFE EVENTS,Entertainment,performances,"joy, excitement, relief, amusement, surprise"
LIFESTYLE & LIFE EVENTS,Entertainment,plays,"joy, excitement, relief, amusement, surprise"
LIFESTYLE & LIFE EVENTS,Entertainment,musicals,"joy, excitement, relief, amusement, surprise"
LIFESTYLE & LIFE EVENTS,Entertainment,stand-up comedy,"joy, excitement, relief, amusement, surprise"
LIFESTYLE & LIFE EVENTS,Entertainment,live shows,"joy, excitement, relief, amusement, surprise"
LIFESTYLE & LIFE EVENTS,Entertainment,online videos,"joy, excitement, relief, amusement, surprise"
LIFESTYLE & LIFE EVENTS,Entertainment,podcasts,"joy, excitement, relief, amusement, surprise"
LIFESTYLE & LIFE EVENTS,Entertainment,audiobooks,"joy, excitement, relief, amusement, surprise"
LIFESTYLE & LIFE EVENTS,Entertainment,radio,"joy, excitement, relief, amusement, surprise"
LIFESTYLE & LIFE EVENTS,Entertainment,storytelling,"joy, excitement, relief, amusement, surprise"
LIFESTYLE & LIFE EVENTS,Entertainment,fanfiction,"joy, excitement, relief, amusement, surprise"
LIFESTYLE & LIFE EVENTS,Entertainment,gaming,"joy, excitement, relief, amusement, surprise"
LIFESTYLE & LIFE EVENTS,Entertainment,eSports,"joy, excitement, relief, amusement, surprise"
LIFESTYLE & LIFE EVENTS,Entertainment,board games,"joy, excitement, relief, amusement, surprise"
LIFESTYLE & LIFE EVENTS,Entertainment,video games,"joy, excitement, relief, amusement, surprise"
LIFESTYLE & LIFE EVENTS,Entertainment,card games,"joy, excitement, relief, amusement, surprise"
LIFESTYLE & LIFE EVENTS,Entertainment,cinema,"joy, excitement, relief, amusement, surprise"
LIFESTYLE & LIFE EVENTS,Entertainment,film reviews,"joy, excitement, relief, amusement, surprise"
LIFESTYLE & LIFE EVENTS,Arts & crafts,painting,"joy, amusement, annoyance, pride, relief, curiosity, nautral"
LIFESTYLE & LIFE EVENTS,Arts & crafts,drawing,"joy, amusement, annoyance, pride, relief, curiosity, nautral"
LIFESTYLE & LIFE EVENTS,Arts & crafts,sculpting,"joy, amusement, annoyance, pride, relief, curiosity, nautral"
LIFESTYLE & LIFE EVENTS,Arts & crafts,sketching,"joy, amusement, annoyance, pride, relief, curiosity, nautral"
LIFESTYLE & LIFE EVENTS,Arts & crafts,watercolor,"joy, amusement, annoyance, pride, relief, curiosity, nautral"
LIFESTYLE & LIFE EVENTS,Arts & crafts,oil painting,"joy, amusement, annoyance, pride, relief, curiosity, nautral"
LIFESTYLE & LIFE EVENTS,Arts & crafts,pottery,"joy, amusement, annoyance, pride, relief, curiosity, nautral"
LIFESTYLE & LIFE EVENTS,Arts & crafts,ceramics,"joy, amusement, annoyance, pride, relief, curiosity, nautral"
LIFESTYLE & LIFE EVENTS,Arts & crafts,knitting,"joy, amusement, annoyance, pride, relief, curiosity, nautral"
LIFESTYLE & LIFE EVENTS,Arts & crafts,crocheting,"joy, amusement, annoyance, pride, relief, curiosity, nautral"
LIFESTYLE & LIFE EVENTS,Arts & crafts,sewing,"joy, amusement, annoyance, pride, relief, curiosity, nautral"
LIFESTYLE & LIFE EVENTS,Arts & crafts,embroidery,"joy, amusement, annoyance, pride, relief, curiosity, nautral"
LIFESTYLE & LIFE EVENTS,Arts & crafts,quilting,"joy, amusement, annoyance, pride, relief, curiosity, nautral"
LIFESTYLE & LIFE EVENTS,Arts & crafts,DIY projects,"joy, amusement, annoyance, pride, relief, curiosity, nautral"
LIFESTYLE & LIFE EVENTS,Arts & crafts,woodworking,"joy, amusement, annoyance, pride, relief, curiosity, nautral"
LIFESTYLE & LIFE EVENTS,Arts & crafts,origami,"joy, amusement, annoyance, pride, relief, curiosity, nautral"
LIFESTYLE & LIFE EVENTS,Arts & crafts,calligraphy,"joy, amusement, annoyance, pride, relief, curiosity, nautral"
LIFESTYLE & LIFE EVENTS,Arts & crafts,photography,"joy, amusement, annoyance, pride, relief, curiosity, nautral"
LIFESTYLE & LIFE EVENTS,Arts & crafts,scrapbooking,"joy, amusement, annoyance, pride, relief, curiosity, nautral"
LIFESTYLE & LIFE EVENTS,Arts & crafts,digital art,"joy, amusement, annoyance, pride, relief, curiosity, nautral"
LIFESTYLE & LIFE EVENTS,Arts & crafts,collage,"joy, amusement, annoyance, pride, relief, curiosity, nautral"
LIFESTYLE & LIFE EVENTS,Arts & crafts,textile art,"joy, amusement, annoyance, pride, relief, curiosity, nautral"
LIFESTYLE & LIFE EVENTS,Arts & crafts,jewelry making,"joy, amusement, annoyance, pride, relief, curiosity, nautral"
LIFESTYLE & LIFE EVENTS,Arts & crafts,handmade crafts,"joy, amusement, annoyance, pride, relief, curiosity, nautral"
LIFESTYLE & LIFE EVENTS,Arts & crafts,mural painting,"joy, amusement, annoyance, pride, relief, curiosity, nautral"
LIFESTYLE & LIFE EVENTS,Arts & crafts,creative expression,"joy, amusement, annoyance, pride, relief, curiosity, nautral"
LIFESTYLE & LIFE EVENTS,Recreation,soccer,"joy, excitement, pride, frustration, relief, neutral"
LIFESTYLE & LIFE EVENTS,Recreation,basketball,"joy, excitement, pride, frustration, relief, neutral"
LIFESTYLE & LIFE EVENTS,Recreation,baseball,"joy, excitement, pride, frustration, relief, neutral"
LIFESTYLE & LIFE EVENTS,Recreation,football,"joy, excitement, pride, frustration, relief, neutral"
LIFESTYLE & LIFE EVENTS,Recreation,tennis,"joy, excitement, pride, frustration, relief, neutral"
LIFESTYLE & LIFE EVENTS,Recreation,badminton,"joy, excitement, pride, frustration, relief, neutral"
LIFESTYLE & LIFE EVENTS,Recreation,swimming,"joy, excitement, pride, frustration, relief, neutral"
LIFESTYLE & LIFE EVENTS,Recreation,running,"joy, excitement, pride, frustration, relief, neutral"
LIFESTYLE & LIFE EVENTS,Recreation,jogging,"joy, excitement, pride, frustration, relief, neutral"
LIFESTYLE & LIFE EVENTS,Recreation,hiking,"joy, excitement, pride, frustration, relief, neutral"
LIFESTYLE & LIFE EVENTS,Recreation,climbing,"joy, excitement, pride, frustration, relief, neutral"
LIFESTYLE & LIFE EVENTS,Recreation,biking,"joy, excitement, pride, frustration, relief, neutral"
LIFESTYLE & LIFE EVENTS,Recreation,cycling,"joy, excitement, pride, frustration, relief, neutral"
LIFESTYLE & LIFE EVENTS,Recreation,skiing,"joy, excitement, pride, frustration, relief, neutral"
LIFESTYLE & LIFE EVENTS,Recreation,snowboarding,"joy, excitement, pride, frustration, relief, neutral"
LIFESTYLE & LIFE EVENTS,Recreation,skateboarding,"joy, excitement, pride, frustration, relief, neutral"
LIFESTYLE & LIFE EVENTS,Recreation,martial arts,"joy, excitement, pride, frustration, relief, neutral"
LIFESTYLE & LIFE EVENTS,Recreation,yoga,"joy, excitement, pride, frustration, relief, neutral"
LIFESTYLE & LIFE EVENTS,Recreation,pilates,"joy, excitement, pride, frustration, relief, neutral"
LIFESTYLE & LIFE EVENTS,Recreation,aerobics,"joy, excitement, pride, frustration, relief, neutral"
LIFESTYLE & LIFE EVENTS,Recreation,dance,"joy, excitement, pride, frustration, relief, neutral"
LIFESTYLE & LIFE EVENTS,Recreation,Zumba,"joy, excitement, pride, frustration, relief, neutral"
LIFESTYLE & LIFE EVENTS,Recreation,team sports,"joy, excitement, pride, frustration, relief, neutral"
LIFESTYLE & LIFE EVENTS,Recreation,individual sports,"joy, excitement, pride, frustration, relief, neutral"
LIFESTYLE & LIFE EVENTS,Recreation,kayaking,"joy, excitement, pride, frustration, relief, neutral"
LIFESTYLE & LIFE EVENTS,Recreation,canoeing,"joy, excitement, pride, frustration, relief, neutral"
LIFESTYLE & LIFE EVENTS,Recreation,surfing,"joy, excitement, pride, frustration, relief, neutral"
LIFESTYLE & LIFE EVENTS,Recreation,camping,"joy, excitement, pride, frustration, relief, neutral"
LIFESTYLE & LIFE EVENTS,Recreation,outdoor recreation,"joy, excitement, pride, frustration, relief, neutral"
LIFESTYLE & LIFE EVENTS,Recreation,fishing,"joy, excitement, pride, frustration, relief, neutral"
LIFESTYLE & LIFE EVENTS,Recreation,golf,"joy, excitement, pride, frustration, relief, neutral"
LIFESTYLE & LIFE EVENTS,Recreation,gymnastics,"joy, excitement, pride, frustration, relief, neutral"
LIFESTYLE & LIFE EVENTS,Travel & adventure,vacation,"excitement, fear, joy, relief, amusement, neutral, curiosity"
LIFESTYLE & LIFE EVENTS,Travel & adventure,holiday,"excitement, fear, joy, relief, amusement, neutral, curiosity"
LIFESTYLE & LIFE EVENTS,Travel & adventure,road trip,"excitement, fear, joy, relief, amusement, neutral, curiosity"
LIFESTYLE & LIFE EVENTS,Travel & adventure,sightseeing,"excitement, fear, joy, relief, amusement, neutral, curiosity"
LIFESTYLE & LIFE EVENTS,Travel & adventure,exploring,"excitement, fear, joy, relief, amusement, neutral, curiosity"
LIFESTYLE & LIFE EVENTS,Travel & adventure,backpacking,"excitement, fear, joy, relief, amusement, neutral, curiosity"
LIFESTYLE & LIFE EVENTS,Travel & adventure,cultural travel,"excitement, fear, joy, relief, amusement, neutral, curiosity"
LIFESTYLE & LIFE EVENTS,Travel & adventure,city tour,"excitement, fear, joy, relief, amusement, neutral, curiosity"
LIFESTYLE & LIFE EVENTS,Travel & adventure,hiking trip,"excitement, fear, joy, relief, amusement, neutral, curiosity"
LIFESTYLE & LIFE EVENTS,Travel & adventure,nature retreat,"excitement, fear, joy, relief, amusement, neutral, curiosity"
LIFESTYLE & LIFE EVENTS,Travel & adventure,camping,"excitement, fear, joy, relief, amusement, neutral, curiosity"
LIFESTYLE & LIFE EVENTS,Travel & adventure,adventure sports,"excitement, fear, joy, relief, amusement, neutral, curiosity"
LIFESTYLE & LIFE EVENTS,Travel & adventure,mountaineering,"excitement, fear, joy, relief, amusement, neutral, curiosity"
LIFESTYLE & LIFE EVENTS,Travel & adventure,skydiving,"excitement, fear, joy, relief, amusement, neutral, curiosity"
LIFESTYLE & LIFE EVENTS,Travel & adventure,scuba diving,"excitement, fear, joy, relief, amusement, neutral, curiosity"
LIFESTYLE & LIFE EVENTS,Travel & adventure,cruise,"excitement, fear, joy, relief, amusement, neutral, curiosity"
LIFESTYLE & LIFE EVENTS,Travel & adventure,journey,"excitement, fear, joy, relief, amusement, neutral, curiosity"
LIFESTYLE & LIFE EVENTS,Travel & adventure,weekend getaway,"excitement, fear, joy, relief, amusement, neutral, curiosity"
LIFESTYLE & LIFE EVENTS,Travel & adventure,travel photography,"excitement, fear, joy, relief, amusement, neutral, curiosity"
LIFESTYLE & LIFE EVENTS,Travel & adventure,exploring new cultures,"excitement, fear, joy, relief, amusement, neutral, curiosity"
LIFESTYLE & LIFE EVENTS,Travel & adventure,adventure travel,"excitement, fear, joy, relief, amusement, neutral, curiosity"
LIFESTYLE & LIFE EVENTS,Travel & adventure,hiking trail,"excitement, fear, joy, relief, amusement, neutral, curiosity"
LIFESTYLE & LIFE EVENTS,Travel & adventure,travel planning,"excitement, fear, joy, relief, amusement, neutral, curiosity"
LIFESTYLE & LIFE EVENTS,Travel & adventure,guided tour,"excitement, fear, joy, relief, amusement, neutral, curiosity"
MEMORY & REFLECTION,Recollection,remember,"joy, sadness, love, grief, neutral"
MEMORY & REFLECTION,Recollection,recalling,"joy, sadness, love, grief, neutral"
MEMORY & REFLECTION,Recollection,reminiscing,"joy, sadness, love, grief, neutral"
MEMORY & REFLECTION,Recollection,flashback,"joy, sadness, love, grief, neutral"
MEMORY & REFLECTION,Recollection,thinking back,"joy, sadness, love, grief, neutral"
MEMORY & REFLECTION,Recollection,nostalgia,"joy, sadness, love, grief, neutral"
MEMORY & REFLECTION,Recollection,memories,"joy, sadness, love, grief, neutral"
MEMORY & REFLECTION,Recollection,recollecting,"joy, sadness, love, grief, neutral"
MEMORY & REFLECTION,Recollection,recalling moments,"joy, sadness, love, grief, neutral"
MEMORY & REFLECTION,Recollection,past events,"joy, sadness, love, grief, neutral"
MEMORY & REFLECTION,Recollection,recalling faces,"joy, sadness, love, grief, neutral"
MEMORY & REFLECTION,Recollection,reliving,"joy, sadness, love, grief, neutral"
MEMORY & REFLECTION,Recollection,vivid memory,"joy, sadness, love, grief, neutral"
MEMORY & REFLECTION,Recollection,hazy memory,"joy, sadness, love, grief, neutral"
MEMORY & REFLECTION,Recollection,mental snapshot,"joy, sadness, love, grief, neutral"
MEMORY & REFLECTION,Recollection,remembering details,"joy, sadness, love, grief, neutral"
MEMORY & REFLECTION,Recollection,recalling conversations,"joy, sadness, love, grief, neutral"
MEMORY & REFLECTION,Recollection,remembering smells,"joy, sadness, love, grief, neutral"
MEMORY & REFLECTION,Recollection,sounds,"joy, sadness, love, grief, neutral"
MEMORY & REFLECTION,Recollection,sights,"joy, sadness, love, grief, neutral"
MEMORY & REFLECTION,Recollection,sentimental memories,"joy, sadness, love, grief, neutral"
MEMORY & REFLECTION,Recollection,cherished moments,"joy, sadness, love, grief, neutral"
MEMORY & REFLECTION,Recollection,treasured memories,"joy, sadness, love, grief, neutral"
MEMORY & REFLECTION,Recollection,vivid flashback,"joy, sadness, love, grief, neutral"
MEMORY & REFLECTION,Recollection,recalling childhood,"joy, sadness, love, grief, neutral"
MEMORY & REFLECTION,Recollection,remembering friends,"joy, sadness, love, grief, neutral"
MEMORY & REFLECTION,Recollection,remembering family,"joy, sadness, love, grief, neutral"
MEMORY & REFLECTION,Recollection,remembering experiences,"joy, sadness, love, grief, neutral"
MEMORY & REFLECTION,Recollection,used to,"joy, sadness, love, grief, neutral"
MEMORY & REFLECTION,Time passing,getting older,"sadness, pride, curiosity, grief, relief, realization, neutral"
MEMORY & REFLECTION,Time passing,years gone by,"sadness, pride, curiosity, grief, relief, realization, neutral"
MEMORY & REFLECTION,Time passing,growing up,"sadness, pride, curiosity, grief, relief, realization, neutral"
MEMORY & REFLECTION,Time passing,time flies,"sadness, pride, curiosity, grief, relief, realization, neutral"
MEMORY & REFLECTION,Time passing,growing older,"sadness, pride, curiosity, grief, relief, realization, neutral"
MEMORY & REFLECTION,Time passing,fleeting time,"sadness, pride, curiosity, grief, relief, realization, neutral"
MEMORY & REFLECTION,Time passing,passing moments,"sadness, pride, curiosity, grief, relief, realization, neutral"
MEMORY & REFLECTION,Time passing,aging,"sadness, pride, curiosity, grief, relief, realization, neutral"
MEMORY & REFLECTION,Time passing,life passing,"sadness, pride, curiosity, grief, relief, realization, neutral"
MEMORY & REFLECTION,Time passing,fleeting youth,"sadness, pride, curiosity, grief, relief, realization, neutral"
MEMORY & REFLECTION,Time passing,seasons change,"sadness, pride, curiosity, grief, relief, realization, neutral"
MEMORY & REFLECTION,Time passing,life stages,"sadness, pride, curiosity, grief, relief, realization, neutral"
MEMORY & REFLECTION,Time passing,golden years,"sadness, pride, curiosity, grief, relief, realization, neutral"
MEMORY & REFLECTION,Time passing,reminiscing past,"sadness, pride, curiosity, grief, relief, realization, neutral"
MEMORY & REFLECTION,Time passing,milestones,"sadness, pride, curiosity, grief, relief, realization, neutral"
MEMORY & REFLECTION,Time passing,birthdays,"sadness, pride, curiosity, grief, relief, realization, neutral"
MEMORY & REFLECTION,Time passing,anniversaries,"sadness, pride, curiosity, grief, relief, realization, neutral"
MEMORY & REFLECTION,Time passing,changing times,"sadness, pride, curiosity, grief, relief, realization, neutral"
MEMORY & REFLECTION,Time passing,reminiscing past eras,"sadness, pride, curiosity, grief, relief, realization, neutral"
MEMORY & REFLECTION,Time passing,swift passage,"sadness, pride, curiosity, grief, relief, realization, neutral"
MEMORY & REFLECTION,Time passing,moving through life,"sadness, pride, curiosity, grief, relief, realization, neutral"
MEMORY & REFLECTION,Time passing,life's journey,"sadness, pride, curiosity, grief, relief, realization, neutral"
MEMORY & REFLECTION,Time passing,ephemeral,"sadness, pride, curiosity, grief, relief, realization, neutral"
MEMORY & REFLECTION,Time passing,transient,"sadness, pride, curiosity, grief, relief, realization, neutral"
MEMORY & REFLECTION,Time passing,aging gracefully,"sadness, pride, curiosity, grief, relief, realization, neutral"
MEMORY & REFLECTION,Time passing,wrinkles,"sadness, pride, curiosity, grief, relief, realization, neutral"
MEMORY & REFLECTION,Time passing,memories fading,"sadness, pride, curiosity, grief, relief, realization, neutral"
MEMORY & REFLECTION,Time passing,life evolving,"sadness, pride, curiosity, grief, relief, realization, neutral"
MEMORY & REFLECTION,Learning from past,mistakes,"pride, disgust, opimism, realization, neutral"
MEMORY & REFLECTION,Learning from past,learned,"pride, disgust, opimism, realization, neutral"
MEMORY & REFLECTION,Learning from past,growth,"pride, disgust, opimism, realization, neutral"
MEMORY & REFLECTION,Learning from past,reflection,"pride, disgust, opimism, realization, neutral"
MEMORY & REFLECTION,Learning from past,wisdom,"pride, disgust, opimism, realization, neutral"
MEMORY & REFLECTION,Learning from past,wise,"pride, disgust, opimism, realization, neutral"
MEMORY & REFLECTION,Learning from past,better person,"pride, disgust, opimism, realization, neutral"
MEMORY & REFLECTION,Learning from past,made stronger,"pride, disgust, opimism, realization, neutral"
MEMORY & REFLECTION,Learning from past,lessons learned,"pride, disgust, opimism, realization, neutral"
MEMORY & REFLECTION,Learning from past,insight,"pride, disgust, opimism, realization, neutral"
MEMORY & REFLECTION,Learning from past,self-improvement,"pride, disgust, opimism, realization, neutral"
MEMORY & REFLECTION,Learning from past,personal growth,"pride, disgust, opimism, realization, neutral"
MEMORY & REFLECTION,Learning from past,evolving,"pride, disgust, opimism, realization, neutral"
MEMORY & REFLECTION,Learning from past,overcoming challenges,"pride, disgust, opimism, realization, neutral"
MEMORY & REFLECTION,Learning from past,hindsight,"pride, disgust, opimism, realization, neutral"
MEMORY & REFLECTION,Learning from past,experience,"pride, disgust, opimism, realization, neutral"
MEMORY & REFLECTION,Learning from past,hard-earned knowledge,"pride, disgust, opimism, realization, neutral"
MEMORY & REFLECTION,Learning from past,resilience,"pride, disgust, opimism, realization, neutral"
MEMORY & REFLECTION,Learning from past,self-awareness,"pride, disgust, opimism, realization, neutral"
MEMORY & REFLECTION,Learning from past,mistakes as lessons,"pride, disgust, opimism, realization, neutral"
MEMORY & REFLECTION,Learning from past,learned from failures,"pride, disgust, opimism, realization, neutral"
MEMORY & REFLECTION,Learning from past,self-reflection,"pride, disgust, opimism, realization, neutral"
MEMORY & REFLECTION,Learning from past,thinking critically,"pride, disgust, opimism, realization, neutral"
MEMORY & REFLECTION,Learning from past,introspection,"pride, disgust, opimism, realization, neutral"
MEMORY & REFLECTION,Learning from past,transformation,"pride, disgust, opimism, realization, neutral"
MEMORY & REFLECTION,Learning from past,maturity,"pride, disgust, opimism, realization, neutral"
MEMORY & REFLECTION,Learning from past,gaining perspective,"pride, disgust, opimism, realization, neutral"
MEMORY & REFLECTION,Learning from past,lessons of life,"pride, disgust, opimism, realization, neutral"
MEMORY & REFLECTION,Learning from past,growth mindset,"pride, disgust, opimism, realization, neutral"
MEMORY & REFLECTION,Learning from past,becoming stronger,"pride, disgust, opimism, realization, neutral"
HEALTH & BODY,Physical health concerns,pain,"fear, anger, nervousness, sadness, optimism, surprise"
HEALTH & BODY,Physical health concerns,fatigue,"fear, anger, nervousness, sadness, optimism, surprise"
HEALTH & BODY,Physical health concerns,sick,"fear, anger, nervousness, sadness, optimism, surprise"
HEALTH & BODY,Physical health concerns,illness,"fear, anger, nervousness, sadness, optimism, surprise"
HEALTH & BODY,Physical health concerns,treatment,"fear, anger, nervousness, sadness, optimism, surprise"
HEALTH & BODY,Physical health concerns,medicine,"fear, anger, nervousness, sadness, optimism, surprise"
HEALTH & BODY,Physical health concerns,doctor,"fear, anger, nervousness, sadness, optimism, surprise"
HEALTH & BODY,Physical health concerns,fever,"fear, anger, nervousness, sadness, optimism, surprise"
HEALTH & BODY,Physical health concerns,infection,"fear, anger, nervousness, sadness, optimism, surprise"
HEALTH & BODY,Physical health concerns,cold,"fear, anger, nervousness, sadness, optimism, surprise"
HEALTH & BODY,Physical health concerns,flu,"fear, anger, nervousness, sadness, optimism, surprise"
HEALTH & BODY,Physical health concerns,headache,"fear, anger, nervousness, sadness, optimism, surprise"
HEALTH & BODY,Physical health concerns,migraine,"fear, anger, nervousness, sadness, optimism, surprise"
HEALTH & BODY,Physical health concerns,injury,"fear, anger, nervousness, sadness, optimism, surprise"
HEALTH & BODY,Physical health concerns,recovery,"fear, anger, nervousness, sadness, optimism, surprise"
HEALTH & BODY,Physical health concerns,chronic illness,"fear, anger, nervousness, sadness, optimism, surprise"
HEALTH & BODY,Physical health concerns,acute illness,"fear, anger, nervousness, sadness, optimism, surprise"
HEALTH & BODY,Physical health concerns,surgery,"fear, anger, nervousness, sadness, optimism, surprise"
HEALTH & BODY,Physical health concerns,hospitalization,"fear, anger, nervousness, sadness, optimism, surprise"
HEALTH & BODY,Physical health concerns,check-up,"fear, anger, nervousness, sadness, optimism, surprise"
HEALTH & BODY,Physical health concerns,symptoms,"fear, anger, nervousness, sadness, optimism, surprise"
HEALTH & BODY,Physical health concerns,prescription,"fear, anger, nervousness, sadness, optimism, surprise"
HEALTH & BODY,Physical health concerns,therapy,"fear, anger, nervousness, sadness, optimism, surprise"
HEALTH & BODY,Physical health concerns,inflammation,"fear, anger, nervousness, sadness, optimism, surprise"
HEALTH & BODY,Physical health concerns,allergy,"fear, anger, nervousness, sadness, optimism, surprise"
HEALTH & BODY,Physical health concerns,weakness,"fear, anger, nervousness, sadness, optimism, surprise"
HEALTH & BODY,Physical health concerns,dizziness,"fear, anger, nervousness, sadness, optimism, surprise"
HEALTH & BODY,Physical health concerns,nausea,"fear, anger, nervousness, sadness, optimism, surprise"
HEALTH & BODY,Physical health concerns,rehabilitation,"fear, anger, nervousness, sadness, optimism, surprise"
HEALTH & BODY,Physical health concerns,lab tests,"fear, anger, nervousness, sadness, optimism, surprise"
HEALTH & BODY,Physical health concerns,blood pressure,"fear, anger, nervousness, sadness, optimism, surprise"
HEALTH & BODY,Physical health concerns,heart rate,"fear, anger, nervousness, sadness, optimism, surprise"
HEALTH & BODY,Physical health concerns,health scare,"fear, anger, nervousness, sadness, optimism, surprise"
HEALTH & BODY,Physical health concerns,contagious,"fear, anger, nervousness, sadness, optimism, surprise"
HEALTH & BODY,Physical health concerns,physical strain,"fear, anger, nervousness, sadness, optimism, surprise"
HEALTH & BODY,Physical health concerns,aches,"fear, anger, nervousness, sadness, optimism, surprise"
HEALTH & BODY,Physical health concerns,cramps,"fear, anger, nervousness, sadness, optimism, surprise"
HEALTH & BODY,Body image,weight,"disgust, pride, embarrassment, annoyance, neutral, admiration"
HEALTH & BODY,Body image,body,"disgust, pride, embarrassment, annoyance, neutral, admiration"
HEALTH & BODY,Body image,mirror,"disgust, pride, embarrassment, annoyance, neutral, admiration"
HEALTH & BODY,Body image,insecure,"disgust, pride, embarrassment, annoyance, neutral, admiration"
HEALTH & BODY,Body image,diet,"disgust, pride, embarrassment, annoyance, neutral, admiration"
HEALTH & BODY,Body image,appearance,"disgust, pride, embarrassment, annoyance, neutral, admiration"
HEALTH & BODY,Body image,beauty standards,"disgust, pride, embarrassment, annoyance, neutral, admiration"
HEALTH & BODY,Body image,self-conscious,"disgust, pride, embarrassment, annoyance, neutral, admiration"
HEALTH & BODY,Body image,thin,"disgust, pride, embarrassment, annoyance, neutral, admiration"
HEALTH & BODY,Body image,overweight,"disgust, pride, embarrassment, annoyance, neutral, admiration"
HEALTH & BODY,Body image,fit,"disgust, pride, embarrassment, annoyance, neutral, admiration"
HEALTH & BODY,Body image,muscular,"disgust, pride, embarrassment, annoyance, neutral, admiration"
HEALTH & BODY,Body image,slender,"disgust, pride, embarrassment, annoyance, neutral, admiration"
HEALTH & BODY,Body image,curvy,"disgust, pride, embarrassment, annoyance, neutral, admiration"
HEALTH & BODY,Body image,petite,"disgust, pride, embarrassment, annoyance, neutral, admiration"
HEALTH & BODY,Body image,tall,"disgust, pride, embarrassment, annoyance, neutral, admiration"
HEALTH & BODY,Body image,short,"disgust, pride, embarrassment, annoyance, neutral, admiration"
HEALTH & BODY,Body image,blemishes,"disgust, pride, embarrassment, annoyance, neutral, admiration"
HEALTH & BODY,Body image,acne,"disgust, pride, embarrassment, annoyance, neutral, admiration"
HEALTH & BODY,Body image,scars,"disgust, pride, embarrassment, annoyance, neutral, admiration"
HEALTH & BODY,Body image,stretch marks,"disgust, pride, embarrassment, annoyance, neutral, admiration"
HEALTH & BODY,Body image,cellulite,"disgust, pride, embarrassment, annoyance, neutral, admiration"
HEALTH & BODY,Body image,vanity,"disgust, pride, embarrassment, annoyance, neutral, admiration"
HEALTH & BODY,Body image,grooming,"disgust, pride, embarrassment, annoyance, neutral, admiration"
HEALTH & BODY,Body image,confidence,"disgust, pride, embarrassment, annoyance, neutral, admiration"
HEALTH & BODY,Body image,self-esteem,"disgust, pride, embarrassment, annoyance, neutral, admiration"
HEALTH & BODY,Body image,body positivity,"disgust, pride, embarrassment, annoyance, neutral, admiration"
HEALTH & BODY,Body image,body dissatisfaction,"disgust, pride, embarrassment, annoyance, neutral, admiration"
HEALTH & BODY,Body image,comparison,"disgust, pride, embarrassment, annoyance, neutral, admiration"
HEALTH & BODY,Body image,flawless,"disgust, pride, embarrassment, annoyance, neutral, admiration"
HEALTH & BODY,Body image,natural beauty,"disgust, pride, embarrassment, annoyance, neutral, admiration"
HEALTH & BODY,Body image,symmetry,"disgust, pride, embarrassment, annoyance, neutral, admiration"
HEALTH & BODY,Body image,makeup,"disgust, pride, embarrassment, annoyance, neutral, admiration"
HEALTH & BODY,Body image,style,"disgust, pride, embarrassment, annoyance, neutral, admiration"
HEALTH & BODY,Body image,self-perception,"disgust, pride, embarrassment, annoyance, neutral, admiration"
HEALTH & BODY,Body image,physique,"disgust, pride, embarrassment, annoyance, neutral, admiration"
HEALTH & BODY,Body image,toned,"disgust, pride, embarrassment, annoyance, neutral, admiration"
HEALTH & BODY,Body image,unfit,"disgust, pride, embarrassment, annoyance, neutral, admiration"
HEALTH & BODY,Body image,reflection,"disgust, pride, embarrassment, annoyance, neutral, admiration"
HEALTH & BODY,Body image,personal aesthetics,"disgust, pride, embarrassment, annoyance, neutral, admiration"
HEALTH & BODY,Sleep/fatigue,insomnia,"annoyance, exhaustion, anger, neutral, relief, sadness"
HEALTH & BODY,Sleep/fatigue,tired,"annoyance, exhaustion, anger, neutral, relief, sadness"
HEALTH & BODY,Sleep/fatigue,can't sleep,"annoyance, exhaustion, anger, neutral, relief, sadness"
HEALTH & BODY,Sleep/fatigue,exhausted,"annoyance, exhaustion, anger, neutral, relief, sadness"
HEALTH & BODY,Sleep/fatigue,oversleeping,"annoyance, exhaustion, anger, neutral, relief, sadness"
HEALTH & BODY,Sleep/fatigue,rest,"annoyance, exhaustion, anger, neutral, relief, sadness"
HEALTH & BODY,Sleep/fatigue,fatigue,"annoyance, exhaustion, anger, neutral, relief, sadness"
HEALTH & BODY,Sleep/fatigue,drowsy,"annoyance, exhaustion, anger, neutral, relief, sadness"
HEALTH & BODY,Sleep/fatigue,sleepy,"annoyance, exhaustion, anger, neutral, relief, sadness"
HEALTH & BODY,Sleep/fatigue,groggy,"annoyance, exhaustion, anger, neutral, relief, sadness"
HEALTH & BODY,Sleep/fatigue,restless night,"annoyance, exhaustion, anger, neutral, relief, sadness"
HEALTH & BODY,Sleep/fatigue,poor sleep,"annoyance, exhaustion, anger, neutral, relief, sadness"
HEALTH & BODY,Sleep/fatigue,napping,"annoyance, exhaustion, anger, neutral, relief, sadness"
HEALTH & BODY,Sleep/fatigue,REM sleep,"annoyance, exhaustion, anger, neutral, relief, sadness"
HEALTH & BODY,Sleep/fatigue,deep sleep,"annoyance, exhaustion, anger, neutral, relief, sadness"
HEALTH & BODY,Sleep/fatigue,waking up tired,"annoyance, exhaustion, anger, neutral, relief, sadness"
HEALTH & BODY,Sleep/fatigue,disrupted sleep,"annoyance, exhaustion, anger, neutral, relief, sadness"
HEALTH & BODY,Sleep/fatigue,circadian rhythm,"annoyance, exhaustion, anger, neutral, relief, sadness"
HEALTH & BODY,Sleep/fatigue,sleep deprivation,"annoyance, exhaustion, anger, neutral, relief, sadness"
HEALTH & BODY,Sleep/fatigue,bedtime routine,"annoyance, exhaustion, anger, neutral, relief, sadness"
HEALTH & BODY,Sleep/fatigue,early rising,"annoyance, exhaustion, anger, neutral, relief, sadness"
HEALTH & BODY,Sleep/fatigue,lethargy,"annoyance, exhaustion, anger, neutral, relief, sadness"
HEALTH & BODY,Sleep/fatigue,yawning,"annoyance, exhaustion, anger, neutral, relief, sadness"
HEALTH & BODY,Sleep/fatigue,night owl,"annoyance, exhaustion, anger, neutral, relief, sadness"
HEALTH & BODY,Sleep/fatigue,difficulty falling asleep,"annoyance, exhaustion, anger, neutral, relief, sadness"
HEALTH & BODY,Sleep/fatigue,restless mind,"annoyance, exhaustion, anger, neutral, relief, sadness"
HEALTH & BODY,Sleep/fatigue,overworked,"annoyance, exhaustion, anger, neutral, relief, sadness"
HEALTH & BODY,Sleep/fatigue,burnout,"annoyance, exhaustion, anger, neutral, relief, sadness"
HEALTH & BODY,Sleep/fatigue,sleepyhead,"annoyance, exhaustion, anger, neutral, relief, sadness"
HEALTH & BODY,Sleep/fatigue,fatigue from work,"annoyance, exhaustion, anger, neutral, relief, sadness"
HEALTH & BODY,Sleep/fatigue,energy crash,"annoyance, exhaustion, anger, neutral, relief, sadness"
HEALTH & BODY,Exercise,workout,"optimism, pride, pain, joy, amusement, neutral"
HEALTH & BODY,Exercise,gym,"optimism, pride, pain, joy, amusement, neutral"
HEALTH & BODY,Exercise,run,"optimism, pride, pain, joy, amusement, neutral"
HEALTH & BODY,Exercise,yoga,"optimism, pride, pain, joy, amusement, neutral"
HEALTH & BODY,Exercise,active,"optimism, pride, pain, joy, amusement, neutral"
HEALTH & BODY,Exercise,training,"optimism, pride, pain, joy, amusement, neutral"
HEALTH & BODY,Exercise,fitness,"optimism, pride, pain, joy, amusement, neutral"
HEALTH & BODY,Exercise,marathon,"optimism, pride, pain, joy, amusement, neutral"
HEALTH & BODY,Exercise,jogging,"optimism, pride, pain, joy, amusement, neutral"
HEALTH & BODY,Exercise,cycling,"optimism, pride, pain, joy, amusement, neutral"
HEALTH & BODY,Exercise,swimming,"optimism, pride, pain, joy, amusement, neutral"
HEALTH & BODY,Exercise,aerobics,"optimism, pride, pain, joy, amusement, neutral"
HEALTH & BODY,Exercise,pilates,"optimism, pride, pain, joy, amusement, neutral"
HEALTH & BODY,Exercise,stretching,"optimism, pride, pain, joy, amusement, neutral"
HEALTH & BODY,Exercise,strength training,"optimism, pride, pain, joy, amusement, neutral"
HEALTH & BODY,Exercise,cardio,"optimism, pride, pain, joy, amusement, neutral"
HEALTH & BODY,Exercise,resistance training,"optimism, pride, pain, joy, amusement, neutral"
HEALTH & BODY,Exercise,HIIT,"optimism, pride, pain, joy, amusement, neutral"
HEALTH & BODY,Exercise,hiking,"optimism, pride, pain, joy, amusement, neutral"
HEALTH & BODY,Exercise,sports,"optimism, pride, pain, joy, amusement, neutral"
HEALTH & BODY,Exercise,team sports,"optimism, pride, pain, joy, amusement, neutral"
HEALTH & BODY,Exercise,home workout,"optimism, pride, pain, joy, amusement, neutral"
HEALTH & BODY,Exercise,running shoes,"optimism, pride, pain, joy, amusement, neutral"
HEALTH & BODY,Exercise,personal trainer,"optimism, pride, pain, joy, amusement, neutral"
HEALTH & BODY,Exercise,weightlifting,"optimism, pride, pain, joy, amusement, neutral"
HEALTH & BODY,Exercise,push-ups,"optimism, pride, pain, joy, amusement, neutral"
HEALTH & BODY,Exercise,pull-ups,"optimism, pride, pain, joy, amusement, neutral"
HEALTH & BODY,Exercise,core workout,"optimism, pride, pain, joy, amusement, neutral"
HEALTH & BODY,Exercise,endurance,"optimism, pride, pain, joy, amusement, neutral"
HEALTH & BODY,Exercise,flexibility,"optimism, pride, pain, joy, amusement, neutral"
HEALTH & BODY,Exercise,agility,"optimism, pride, pain, joy, amusement, neutral"
HEALTH & BODY,Exercise,stamina,"optimism, pride, pain, joy, amusement, neutral"
HEALTH & BODY,Exercise,physical activity,"optimism, pride, pain, joy, amusement, neutral"
HEALTH & BODY,Exercise,fitness routine,"optimism, pride, pain, joy, amusement, neutral"
HEALTH & BODY,Exercise,warm-up,"optimism, pride, pain, joy, amusement, neutral"
HEALTH & BODY,Exercise,cool-down,"optimism, pride, pain, joy, amusement, neutral"
HEALTH & BODY,Exercise,exercise goal,"optimism, pride, pain, joy, amusement, neutral"
HEALTH & BODY,Exercise,outdoor exercise,"optimism, pride, pain, joy, amusement, neutral"
HEALTH & BODY,Diet & nutrition,breakfast,"neutral, disgust, relief, pride"
HEALTH & BODY,Diet & nutrition,lunch,"neutral, disgust, relief, pride"
HEALTH & BODY,Diet & nutrition,dinner,"neutral, disgust, relief, pride"
HEALTH & BODY,Diet & nutrition,snack,"neutral, disgust, relief, pride"
HEALTH & BODY,Diet & nutrition,brunch,"neutral, disgust, relief, pride"
HEALTH & BODY,Diet & nutrition,midnight snack,"neutral, disgust, relief, pride"
HEALTH & BODY,Diet & nutrition,home-cooked meals,"neutral, disgust, relief, pride"
HEALTH & BODY,Diet & nutrition,takeout,"neutral, disgust, relief, pride"
HEALTH & BODY,Diet & nutrition,fast food,"neutral, disgust, relief, pride"
HEALTH & BODY,Diet & nutrition,dining out,"neutral, disgust, relief, pride"
HEALTH & BODY,Diet & nutrition,meal prep,"neutral, disgust, relief, pride"
HEALTH & BODY,Diet & nutrition,potluck,"neutral, disgust, relief, pride"
HEALTH & BODY,Diet & nutrition,street food,"neutral, disgust, relief, pride"
HEALTH & BODY,Diet & nutrition,buffet,"neutral, disgust, relief, pride"
HEALTH & BODY,Diet & nutrition,food delivery,"neutral, disgust, relief, pride"
HEALTH & BODY,Diet & nutrition,casual dining,"neutral, disgust, relief, pride"
HEALTH & BODY,Diet & nutrition,fine dining,"neutral, disgust, relief, pride"
HEALTH & BODY,Diet & nutrition,family meals,"neutral, disgust, relief, pride"
HEALTH & BODY,Diet & nutrition,comfort food,"neutral, disgust, relief, pride"
HEALTH & BODY,Diet & nutrition,communal meals,"neutral, disgust, relief, pride"
HEALTH & BODY,Diet & nutrition,grazing,"neutral, disgust, relief, pride"
HEALTH & BODY,Diet & nutrition,intermittent fasting,"neutral, disgust, relief, pride"
HEALTH & BODY,Diet & nutrition,feasting,"neutral, disgust, relief, pride"
HEALTH & BODY,Diet & nutrition,healthy eating,"neutral, disgust, relief, pride"
HEALTH & BODY,Diet & nutrition,vegetarian,"neutral, disgust, relief, pride"
HEALTH & BODY,Diet & nutrition,vegan,"neutral, disgust, relief, pride"
HEALTH & BODY,Diet & nutrition,keto,"neutral, disgust, relief, pride"
HEALTH & BODY,Diet & nutrition,paleo,"neutral, disgust, relief, pride"
HEALTH & BODY,Diet & nutrition,low-carb,"neutral, disgust, relief, pride"
HEALTH & BODY,Diet & nutrition,high-protein,"neutral, disgust, relief, pride"
HEALTH & BODY,Diet & nutrition,gluten-free,"neutral, disgust, relief, pride"
HEALTH & BODY,Diet & nutrition,dairy-free,"neutral, disgust, relief, pride"
HEALTH & BODY,Diet & nutrition,organic,"neutral, disgust, relief, pride"
HEALTH & BODY,Diet & nutrition,plant-based,"neutral, disgust, relief, pride"
HEALTH & BODY,Diet & nutrition,balanced diet,"neutral, disgust, relief, pride"
HEALTH & BODY,Diet & nutrition,indulgence,"neutral, disgust, relief, pride"
HEALTH & BODY,Diet & nutrition,cheat day,"neutral, disgust, relief, pride"
HEALTH & BODY,Diet & nutrition,calories,"neutral, disgust, relief, pride"
HEALTH & BODY,Diet & nutrition,macronutrients,"neutral, disgust, relief, pride"
HEALTH & BODY,Diet & nutrition,superfoods,"neutral, disgust, relief, pride"
HEALTH & BODY,Diet & nutrition,supplements,"neutral, disgust, relief, pride"
HEALTH & BODY,Diet & nutrition,hydration,"neutral, disgust, relief, pride"
HEALTH & BODY,Diet & nutrition,dieting,"neutral, disgust, relief, pride"
HEALTH & BODY,Diet & nutrition,mindful eating,"neutral, disgust, relief, pride"
HEALTH & BODY,Diet & nutrition,portion control,"neutral, disgust, relief, pride"
HEALTH & BODY,Diet & nutrition,nutrition tracking,"neutral, disgust, relief, pride"
TECHNOLOGY & MODERN LIFE,Social media,Instagram,"nervousness, approval, embarrassment, disgust, sadness, pride, neutral"
TECHNOLOGY & MODERN LIFE,Social media,TikTok,"nervousness, approval, embarrassment, disgust, sadness, pride, neutral"
TECHNOLOGY & MODERN LIFE,Social media,likes,"nervousness, approval, embarrassment, disgust, sadness, pride, neutral"
TECHNOLOGY & MODERN LIFE,Social media,followers,"nervousness, approval, embarrassment, disgust, sadness, pride, neutral"
TECHNOLOGY & MODERN LIFE,Social media,online,"nervousness, approval, embarrassment, disgust, sadness, pride, neutral"
TECHNOLOGY & MODERN LIFE,Social media,validation,"nervousness, approval, embarrassment, disgust, sadness, pride, neutral"
TECHNOLOGY & MODERN LIFE,Social media,scrolling,"nervousness, approval, embarrassment, disgust, sadness, pride, neutral"
TECHNOLOGY & MODERN LIFE,Social media,Twitter,"nervousness, approval, embarrassment, disgust, sadness, pride, neutral"
TECHNOLOGY & MODERN LIFE,Social media,social media,"nervousness, approval, embarrassment, disgust, sadness, pride, neutral"
TECHNOLOGY & MODERN LIFE,Social media,comments,"nervousness, approval, embarrassment, disgust, sadness, pride, neutral"
TECHNOLOGY & MODERN LIFE,Social media,interactions,"nervousness, approval, embarrassment, disgust, sadness, pride, neutral"
TECHNOLOGY & MODERN LIFE,Social media,posts,"nervousness, approval, embarrassment, disgust, sadness, pride, neutral"
TECHNOLOGY & MODERN LIFE,Social media,shares,"nervousness, approval, embarrassment, disgust, sadness, pride, neutral"
TECHNOLOGY & MODERN LIFE,Social media,reels,"nervousness, approval, embarrassment, disgust, sadness, pride, neutral"
TECHNOLOGY & MODERN LIFE,Social media,stories,"nervousness, approval, embarrassment, disgust, sadness, pride, neutral"
TECHNOLOGY & MODERN LIFE,Social media,selfies,"nervousness, approval, embarrassment, disgust, sadness, pride, neutral"
TECHNOLOGY & MODERN LIFE,Social media,hashtags,"nervousness, approval, embarrassment, disgust, sadness, pride, neutral"
TECHNOLOGY & MODERN LIFE,Social media,trends,"nervousness, approval, embarrassment, disgust, sadness, pride, neutral"
TECHNOLOGY & MODERN LIFE,Social media,influencer,"nervousness, approval, embarrassment, disgust, sadness, pride, neutral"
TECHNOLOGY & MODERN LIFE,Social media,content creation,"nervousness, approval, embarrassment, disgust, sadness, pride, neutral"
TECHNOLOGY & MODERN LIFE,Social media,engagement,"nervousness, approval, embarrassment, disgust, sadness, pride, neutral"
TECHNOLOGY & MODERN LIFE,Social media,notifications,"nervousness, approval, embarrassment, disgust, sadness, pride, neutral"
TECHNOLOGY & MODERN LIFE,Social media,viral,"nervousness, approval, embarrassment, disgust, sadness, pride, neutral"
TECHNOLOGY & MODERN LIFE,Social media,feed,"nervousness, approval, embarrassment, disgust, sadness, pride, neutral"
TECHNOLOGY & MODERN LIFE,Social media,algorithm,"nervousness, approval, embarrassment, disgust, sadness, pride, neutral"
TECHNOLOGY & MODERN LIFE,Social media,memes,"nervousness, approval, embarrassment, disgust, sadness, pride, neutral"
TECHNOLOGY & MODERN LIFE,Social media,DM,"nervousness, approval, embarrassment, disgust, sadness, pride, neutral"
TECHNOLOGY & MODERN LIFE,Social media,dm me,"nervousness, approval, embarrassment, disgust, sadness, pride, neutral"
TECHNOLOGY & MODERN LIFE,Social media,tagging,"nervousness, approval, embarrassment, disgust, sadness, pride, neutral"
TECHNOLOGY & MODERN LIFE,Social media,mentions,"nervousness, approval, embarrassment, disgust, sadness, pride, neutral"
TECHNOLOGY & MODERN LIFE,Social media,reactions,"nervousness, approval, embarrassment, disgust, sadness, pride, neutral"
TECHNOLOGY & MODERN LIFE,Social media,following,"nervousness, approval, embarrassment, disgust, sadness, pride, neutral"
TECHNOLOGY & MODERN LIFE,Social media,unfollowing,"nervousness, approval, embarrassment, disgust, sadness, pride, neutral"
TECHNOLOGY & MODERN LIFE,Social media,digital identity,"nervousness, approval, embarrassment, disgust, sadness, pride, neutral"
TECHNOLOGY & MODERN LIFE,Social media,online presence,"nervousness, approval, embarrassment, disgust, sadness, pride, neutral"
TECHNOLOGY & MODERN LIFE,Social media,social comparison,"nervousness, approval, embarrassment, disgust, sadness, pride, neutral"
TECHNOLOGY & MODERN LIFE,Social media,fear of missing out,"nervousness, approval, embarrassment, disgust, sadness, pride, neutral"
TECHNOLOGY & MODERN LIFE,Social media,social approval,"nervousness, approval, embarrassment, disgust, sadness, pride, neutral"
TECHNOLOGY & MODERN LIFE,Social media,friend requests,"nervousness, approval, embarrassment, disgust, sadness, pride, neutral"
TECHNOLOGY & MODERN LIFE,Social media,live streaming,"nervousness, approval, embarrassment, disgust, sadness, pride, neutral"
TECHNOLOGY & MODERN LIFE,Social media,virtual community,"nervousness, approval, embarrassment, disgust, sadness, pride, neutral"
TECHNOLOGY & MODERN LIFE,Digital distraction,notifications,"annoyance, nervousness, anger, amusement, neutral"
TECHNOLOGY & MODERN LIFE,Digital distraction,screen time,"annoyance, nervousness, anger, amusement, neutral"
TECHNOLOGY & MODERN LIFE,Digital distraction,focus,"annoyance, nervousness, anger, amusement, neutral"
TECHNOLOGY & MODERN LIFE,Digital distraction,attention span,"annoyance, nervousness, anger, amusement, neutral"
TECHNOLOGY & MODERN LIFE,Digital distraction,phone addiction,"annoyance, nervousness, anger, amusement, neutral"
TECHNOLOGY & MODERN LIFE,Digital distraction,news,"annoyance, nervousness, anger, amusement, neutral"
TECHNOLOGY & MODERN LIFE,Digital distraction,headlines,"annoyance, nervousness, anger, amusement, neutral"
TECHNOLOGY & MODERN LIFE,Digital distraction,overwhelmed by info,"annoyance, nervousness, anger, amusement, neutral"
TECHNOLOGY & MODERN LIFE,Digital distraction,internet fatigue,"annoyance, nervousness, anger, amusement, neutral"
TECHNOLOGY & MODERN LIFE,Digital distraction,multitasking,"annoyance, nervousness, anger, amusement, neutral"
TECHNOLOGY & MODERN LIFE,Digital distraction,pop-ups,"annoyance, nervousness, anger, amusement, neutral"
TECHNOLOGY & MODERN LIFE,Digital distraction,digital overwhelm,"annoyance, nervousness, anger, amusement, neutral"
TECHNOLOGY & MODERN LIFE,Digital distraction,information overload,"annoyance, nervousness, anger, amusement, neutral"
TECHNOLOGY & MODERN LIFE,Digital distraction,binge-watching,"annoyance, nervousness, anger, amusement, neutral"
TECHNOLOGY & MODERN LIFE,Digital distraction,scrolling endlessly,"annoyance, nervousness, anger, amusement, neutral"
TECHNOLOGY & MODERN LIFE,Digital distraction,alerts,"annoyance, nervousness, anger, amusement, neutral"
TECHNOLOGY & MODERN LIFE,Digital distraction,pings,"annoyance, nervousness, anger, amusement, neutral"
TECHNOLOGY & MODERN LIFE,Digital distraction,constant connectivity,"annoyance, nervousness, anger, amusement, neutral"
TECHNOLOGY & MODERN LIFE,Digital distraction,tech burnout,"annoyance, nervousness, anger, amusement, neutral"
TECHNOLOGY & MODERN LIFE,Digital distraction,mindless scrolling,"annoyance, nervousness, anger, amusement, neutral"
TECHNOLOGY & MODERN LIFE,Digital distraction,device dependence,"annoyance, nervousness, anger, amusement, neutral"
TECHNOLOGY & MODERN LIFE,Digital distraction,distraction,"annoyance, nervousness, anger, amusement, neutral"
TECHNOLOGY & MODERN LIFE,Digital distraction,checking phone repeatedly,"annoyance, nervousness, anger, amusement, neutral"
TECHNOLOGY & MODERN LIFE,Digital distraction,online rabbit hole,"annoyance, nervousness, anger, amusement, neutral"
TECHNOLOGY & MODERN LIFE,Digital distraction,endless feed,"annoyance, nervousness, anger, amusement, neutral"
TECHNOLOGY & MODERN LIFE,Digital distraction,virtual noise,"annoyance, nervousness, anger, amusement, neutral"
TECHNOLOGY & MODERN LIFE,Digital distraction,digital clutter,"annoyance, nervousness, anger, amusement, neutral"
TECHNOLOGY & MODERN LIFE,Digital distraction,app notifications,"annoyance, nervousness, anger, amusement, neutral"
TECHNOLOGY & MODERN LIFE,Digital distraction,Wi-Fi,"annoyance, nervousness, anger, amusement, neutral"
TECHNOLOGY & MODERN LIFE,Digital distraction,mobile device,"annoyance, nervousness, anger, amusement, neutral"
TECHNOLOGY & MODERN LIFE,Digital distraction,streaming,"annoyance, nervousness, anger, amusement, neutral"
TECHNOLOGY & MODERN LIFE,Digital distraction,digital immersion,"annoyance, nervousness, anger, amusement, neutral"
TECHNOLOGY & MODERN LIFE,Digital distraction,time sink,"annoyance, nervousness, anger, amusement, neutral"
TECHNOLOGY & MODERN LIFE,Digital distraction,ads,"annoyance, nervousness, anger, amusement, neutral"
TECHNOLOGY & MODERN LIFE,Digital distraction,advertisement,"annoyance, nervousness, anger, amusement, neutral"
JUSTICE & VALUES,Fairness,unfair,"anger, annoyance, nervousness, realization"
JUSTICE & VALUES,Fairness,discrimination,"anger, annoyance, nervousness, realization"
JUSTICE & VALUES,Fairness,equality,"anger, annoyance, nervousness, realization"
JUSTICE & VALUES,Fairness,rights,"anger, annoyance, nervousness, realization"
JUSTICE & VALUES,Fairness,protest,"anger, annoyance, nervousness, realization"
JUSTICE & VALUES,Fairness,injustice,"anger, annoyance, nervousness, realization"
JUSTICE & VALUES,Fairness,bias,"anger, annoyance, nervousness, realization"
JUSTICE & VALUES,Fairness,prejudice,"anger, annoyance, nervousness, realization"
JUSTICE & VALUES,Fairness,inequality,"anger, annoyance, nervousness, realization"
JUSTICE & VALUES,Fairness,oppression,"anger, annoyance, nervousness, realization"
JUSTICE & VALUES,Fairness,privilege,"anger, annoyance, nervousness, realization"
JUSTICE & VALUES,Fairness,civil rights,"anger, annoyance, nervousness, realization"
JUSTICE & VALUES,Fairness,unfair treatment,"anger, annoyance, nervousness, realization"
JUSTICE & VALUES,Fairness,systemic injustice,"anger, annoyance, nervousness, realization"
JUSTICE & VALUES,Fairness,marginalization,"anger, annoyance, nervousness, realization"
JUSTICE & VALUES,Fairness,unfair rules,"anger, annoyance, nervousness, realization"
JUSTICE & VALUES,Fairness,social justice,"anger, annoyance, nervousness, realization"
JUSTICE & VALUES,Fairness,fairness,"anger, annoyance, nervousness, realization"
JUSTICE & VALUES,Fairness,equity,"anger, annoyance, nervousness, realization"
JUSTICE & VALUES,Fairness,human rights,"anger, annoyance, nervousness, realization"
JUSTICE & VALUES,Fairness,underrepresented,"anger, annoyance, nervousness, realization"
JUSTICE & VALUES,Fairness,favoritism,"anger, annoyance, nervousness, realization"
JUSTICE & VALUES,Fairness,racism,"anger, annoyance, nervousness, realization"
JUSTICE & VALUES,Fairness,sexism,"anger, annoyance, nervousness, realization"
JUSTICE & VALUES,Fairness,ageism,"anger, annoyance, nervousness, realization"
JUSTICE & VALUES,Fairness,classism,"anger, annoyance, nervousness, realization"
JUSTICE & VALUES,Fairness,harassment,"anger, annoyance, nervousness, realization"
JUSTICE & VALUES,Fairness,exclusion,"anger, annoyance, nervousness, realization"
JUSTICE & VALUES,Fairness,unequal opportunity,"anger, annoyance, nervousness, realization"
JUSTICE & VALUES,Fairness,standing up for justice,"anger, annoyance, nervousness, realization"
JUSTICE & VALUES,Fairness,accountability,"anger, annoyance, nervousness, realization"
JUSTICE & VALUES,Fairness,demanding fairness,"anger, annoyance, nervousness, realization"
JUSTICE & VALUES,Fairness,unfair advantage,"anger, annoyance, nervousness, realization"
JUSTICE & VALUES,Ethics/moral dilemmas,right or wrong,"disapproval, disgust, pride, nervousness, realization, confusion"
JUSTICE & VALUES,Ethics/moral dilemmas,integrity,"disapproval, disgust, pride, nervousness, realization, confusion"
JUSTICE & VALUES,Ethics/moral dilemmas,conscience,"disapproval, disgust, pride, nervousness, realization, confusion"
JUSTICE & VALUES,Ethics/moral dilemmas,moral,"disapproval, disgust, pride, nervousness, realization, confusion"
JUSTICE & VALUES,Ethics/moral dilemmas,honesty,"disapproval, disgust, pride, nervousness, realization, confusion"
JUSTICE & VALUES,Ethics/moral dilemmas,ethical,"disapproval, disgust, pride, nervousness, realization, confusion"
JUSTICE & VALUES,Ethics/moral dilemmas,virtue,"disapproval, disgust, pride, nervousness, realization, confusion"
JUSTICE & VALUES,Ethics/moral dilemmas,values,"disapproval, disgust, pride, nervousness, realization, confusion"
JUSTICE & VALUES,Ethics/moral dilemmas,doing the right thing,"disapproval, disgust, pride, nervousness, realization, confusion"
JUSTICE & VALUES,Ethics/moral dilemmas,ethical decision,"disapproval, disgust, pride, nervousness, realization, confusion"
JUSTICE & VALUES,Ethics/moral dilemmas,moral conflict,"disapproval, disgust, pride, nervousness, realization, confusion"
JUSTICE & VALUES,Ethics/moral dilemmas,responsibility,"disapproval, disgust, pride, nervousness, realization, confusion"
JUSTICE & VALUES,Ethics/moral dilemmas,duty,"disapproval, disgust, pride, nervousness, realization, confusion"
JUSTICE & VALUES,Ethics/moral dilemmas,justice,"disapproval, disgust, pride, nervousness, realization, confusion"
JUSTICE & VALUES,Ethics/moral dilemmas,principles,"disapproval, disgust, pride, nervousness, realization, confusion"
JUSTICE & VALUES,Ethics/moral dilemmas,moral choice,"disapproval, disgust, pride, nervousness, realization, confusion"
JUSTICE & VALUES,Ethics/moral dilemmas,righteousness,"disapproval, disgust, pride, nervousness, realization, confusion"
JUSTICE & VALUES,Ethics/moral dilemmas,ethical behavior,"disapproval, disgust, pride, nervousness, realization, confusion"
JUSTICE & VALUES,Ethics/moral dilemmas,accountability,"disapproval, disgust, pride, nervousness, realization, confusion"
JUSTICE & VALUES,Ethics/moral dilemmas,conscience-driven,"disapproval, disgust, pride, nervousness, realization, confusion"
JUSTICE & VALUES,Ethics/moral dilemmas,moral compass,"disapproval, disgust, pride, nervousness, realization, confusion"
JUSTICE & VALUES,Ethics/moral dilemmas,dilemma,"disapproval, disgust, pride, nervousness, realization, confusion"
JUSTICE & VALUES,Ethics/moral dilemmas,ethical standards,"disapproval, disgust, pride, nervousness, realization, confusion"
JUSTICE & VALUES,Ethics/moral dilemmas,principled,"disapproval, disgust, pride, nervousness, realization, confusion"
JUSTICE & VALUES,Ethics/moral dilemmas,self-reflection on actions,"disapproval, disgust, pride, nervousness, realization, confusion"
JUSTICE & VALUES,Ethics/moral dilemmas,moral responsibility,"disapproval, disgust, pride, nervousness, realization, confusion"
JUSTICE & VALUES,Ethics/moral dilemmas,ethical judgment,"disapproval, disgust, pride, nervousness, realization, confusion"
JUSTICE & VALUES,Ethics/moral dilemmas,fairness in actions,"disapproval, disgust, pride, nervousness, realization, confusion"
JUSTICE & VALUES,Ethics/moral dilemmas,personal ethics,"disapproval, disgust, pride, nervousness, realization, confusion"
JUSTICE & VALUES,Boundaries vs exploitation,manipulation,"anger, disgust, fear, annoyance, neutral, disapproval"
JUSTICE & VALUES,Boundaries vs exploitation,taking advantage,"anger, disgust, fear, annoyance, neutral, disapproval"
JUSTICE & VALUES,Boundaries vs exploitation,toxic,"anger, disgust, fear, annoyance, neutral, disapproval"
JUSTICE & VALUES,Boundaries vs exploitation,exploit,"anger, disgust, fear, annoyance, neutral, disapproval"
JUSTICE & VALUES,Boundaries vs exploitation,boundaries,"anger, disgust, fear, annoyance, neutral, disapproval"
JUSTICE & VALUES,Boundaries vs exploitation,betrayal,"anger, disgust, fear, annoyance, neutral, disapproval"
JUSTICE & VALUES,Boundaries vs exploitation,deceit,"anger, disgust, fear, annoyance, neutral, disapproval"
JUSTICE & VALUES,Boundaries vs exploitation,control,"anger, disgust, fear, annoyance, neutral, disapproval"
JUSTICE & VALUES,Boundaries vs exploitation,emotional manipulation,"anger, disgust, fear, annoyance, neutral, disapproval"
JUSTICE & VALUES,Boundaries vs exploitation,overstepping,"anger, disgust, fear, annoyance, neutral, disapproval"
JUSTICE & VALUES,Boundaries vs exploitation,abusive behavior,"anger, disgust, fear, annoyance, neutral, disapproval"
JUSTICE & VALUES,Boundaries vs exploitation,unfair treatment,"anger, disgust, fear, annoyance, neutral, disapproval"
JUSTICE & VALUES,Boundaries vs exploitation,disrespecting limits,"anger, disgust, fear, annoyance, neutral, disapproval"
JUSTICE & VALUES,Boundaries vs exploitation,coercion,"anger, disgust, fear, annoyance, neutral, disapproval"
JUSTICE & VALUES,Boundaries vs exploitation,gaslighting,"anger, disgust, fear, annoyance, neutral, disapproval"
JUSTICE & VALUES,Boundaries vs exploitation,violation of trust,"anger, disgust, fear, annoyance, neutral, disapproval"
JUSTICE & VALUES,Boundaries vs exploitation,exploitation of power,"anger, disgust, fear, annoyance, neutral, disapproval"
JUSTICE & VALUES,Boundaries vs exploitation,boundary violation,"anger, disgust, fear, annoyance, neutral, disapproval"
JUSTICE & VALUES,Boundaries vs exploitation,personal limits,"anger, disgust, fear, annoyance, neutral, disapproval"
JUSTICE & VALUES,Boundaries vs exploitation,being used,"anger, disgust, fear, annoyance, neutral, disapproval"
JUSTICE & VALUES,Boundaries vs exploitation,predatory,"anger, disgust, fear, annoyance, neutral, disapproval"
JUSTICE & VALUES,Boundaries vs exploitation,unethical behavior,"anger, disgust, fear, annoyance, neutral, disapproval"
JUSTICE & VALUES,Boundaries vs exploitation,protecting oneself,"anger, disgust, fear, annoyance, neutral, disapproval"
JUSTICE & VALUES,Boundaries vs exploitation,asserting limits,"anger, disgust, fear, annoyance, neutral, disapproval"
JUSTICE & VALUES,Boundaries vs exploitation,toxic relationships,"anger, disgust, fear, annoyance, neutral, disapproval"
JUSTICE & VALUES,Boundaries vs exploitation,emotional abuse,"anger, disgust, fear, annoyance, neutral, disapproval"
JUSTICE & VALUES,Boundaries vs exploitation,safeguarding boundaries,"anger, disgust, fear, annoyance, neutral, disapproval"
JUSTICE & VALUES,Boundaries vs exploitation,unfair advantage,"anger, disgust, fear, annoyance, neutral, disapproval"
ACADEMIC,School,school,"nervousness, excitement, joy, neutral, pride, approval"
ACADEMIC,School,class,"nervousness, excitement, joy, neutral, pride, approval"
ACADEMIC,School,teacher,"nervousness, excitement, joy, neutral, pride, approval"
ACADEMIC,School,classmate,"nervousness, excitement, joy, neutral, pride, approval"
ACADEMIC,School,test,"nervousness, excitement, joy, neutral, pride, approval"
ACADEMIC,School,notes,"nervousness, excitement, joy, neutral, pride, approval"
ACADEMIC,School,high school,"nervousness, excitement, joy, neutral, pride, approval"
ACADEMIC,School,freshman,"nervousness, excitement, joy, neutral, pride, approval"
ACADEMIC,School,senior year,"nervousness, excitement, joy, neutral, pride, approval"
ACADEMIC,School,locker,"nervousness, excitement, joy, neutral, pride, approval"
ACADEMIC,School,graduation,"nervousness, excitement, joy, neutral, pride, approval"
ACADEMIC,School,prom,"nervousness, excitement, joy, neutral, pride, approval"
ACADEMIC,School,sophomore,"nervousness, excitement, joy, neutral, pride, approval"
ACADEMIC,School,classmates,"nervousness, excitement, joy, neutral, pride, approval"
ACADEMIC,School,lecture,"nervousness, excitement, joy, neutral, pride, approval"
ACADEMIC,School,notes,"nervousness, excitement, joy, neutral, pride, approval"
ACADEMIC,School,subject,"nervousness, excitement, joy, neutral, pride, approval"
ACADEMIC,School,curriculum,"nervousness, excitement, joy, neutral, pride, approval"
ACADEMIC,School,syllabus,"nervousness, excitement, joy, neutral, pride, approval"
ACADEMIC,School,recess,"nervousness, excitement, joy, neutral, pride, approval"
ACADEMIC,School,playground,"nervousness, excitement, joy, neutral, pride, approval"
ACADEMIC,School,homeroom,"nervousness, excitement, joy, neutral, pride, approval"
ACADEMIC,School,principal,"nervousness, excitement, joy, neutral, pride, approval"
ACADEMIC,School,report card,"nervousness, excitement, joy, neutral, pride, approval"
ACADEMIC,School,extracurricular,"nervousness, excitement, joy, neutral, pride, approval"
ACADEMIC,School,school trip,"nervousness, excitement, joy, neutral, pride, approval"
ACADEMIC,School,homework,"nervousness, excitement, joy, neutral, pride, approval"
ACADEMIC,School,classroom discussion,"nervousness, excitement, joy, neutral, pride, approval"
ACADEMIC,School,group project,"nervousness, excitement, joy, neutral, pride, approval"
ACADEMIC,School,exam prep,"nervousness, excitement, joy, neutral, pride, approval"
ACADEMIC,School,detention,"nervousness, excitement, joy, neutral, pride, approval"
ACADEMIC,School,school event,"nervousness, excitement, joy, neutral, pride, approval"
ACADEMIC,School,peer,"nervousness, excitement, joy, neutral, pride, approval"
ACADEMIC,School,academic year,"nervousness, excitement, joy, neutral, pride, approval"
ACADEMIC,School,school spirit,"nervousness, excitement, joy, neutral, pride, approval"
ACADEMIC,School,school club,"nervousness, excitement, joy, neutral, pride, approval"
ACADEMIC,School,student council,"nervousness, excitement, joy, neutral, pride, approval"
ACADEMIC,Assignments,homework,"nervousness, annoyance, pride, curiosity, neutral, fear"
ACADEMIC,Assignments,assignment,"nervousness, annoyance, pride, curiosity, neutral, fear"
ACADEMIC,Assignments,project,"nervousness, annoyance, pride, curiosity, neutral, fear"
ACADEMIC,Assignments,due date,"nervousness, annoyance, pride, curiosity, neutral, fear"
ACADEMIC,Assignments,studying,"nervousness, annoyance, pride, curiosity, neutral, fear"
ACADEMIC,Assignments,procrastinating,"nervousness, annoyance, pride, curiosity, neutral, fear"
ACADEMIC,Assignments,projects,"nervousness, annoyance, pride, curiosity, neutral, fear"
ACADEMIC,Assignments,group work,"nervousness, annoyance, pride, curiosity, neutral, fear"
ACADEMIC,Assignments,research,"nervousness, annoyance, pride, curiosity, neutral, fear"
ACADEMIC,Assignments,deadline,"nervousness, annoyance, pride, curiosity, neutral, fear"
ACADEMIC,Assignments,presentation,"nervousness, annoyance, pride, curiosity, neutral, fear"
ACADEMIC,Assignments,classwork,"nervousness, annoyance, pride, curiosity, neutral, fear"
ACADEMIC,Assignments,essay,"nervousness, annoyance, pride, curiosity, neutral, fear"
ACADEMIC,Assignments,term paper,"nervousness, annoyance, pride, curiosity, neutral, fear"
ACADEMIC,Assignments,lab report,"nervousness, annoyance, pride, curiosity, neutral, fear"
ACADEMIC,Assignments,reading assignment,"nervousness, annoyance, pride, curiosity, neutral, fear"
ACADEMIC,Assignments,book report,"nervousness, annoyance, pride, curiosity, neutral, fear"
ACADEMIC,Assignments,coursework,"nervousness, annoyance, pride, curiosity, neutral, fear"
ACADEMIC,Assignments,submission,"nervousness, annoyance, pride, curiosity, neutral, fear"
ACADEMIC,Assignments,grading,"nervousness, annoyance, pride, curiosity, neutral, fear"
ACADEMIC,Assignments,peer review,"nervousness, annoyance, pride, curiosity, neutral, fear"
ACADEMIC,Assignments,feedback,"nervousness, annoyance, pride, curiosity, neutral, fear"
ACADEMIC,Assignments,revision,"nervousness, annoyance, pride, curiosity, neutral, fear"
ACADEMIC,Assignments,outline,"nervousness, annoyance, pride, curiosity, neutral, fear"
ACADEMIC,Assignments,draft,"nervousness, annoyance, pride, curiosity, neutral, fear"
ACADEMIC,Assignments,oral presentation,"nervousness, annoyance, pride, curiosity, neutral, fear"
ACADEMIC,Assignments,portfolio,"nervousness, annoyance, pride, curiosity, neutral, fear"
ACADEMIC,Assignments,writing task,"nervousness, annoyance, pride, curiosity, neutral, fear"
ACADEMIC,Assignments,assignment guidelines,"nervousness, annoyance, pride, curiosity, neutral, fear"
ACADEMIC,Assignments,project proposal,"nervousness, annoyance, pride, curiosity, neutral, fear"
ACADEMIC,Assignments,brainstorming,"nervousness, annoyance, pride, curiosity, neutral, fear"
ACADEMIC,Assignments,problem set,"nervousness, annoyance, pride, curiosity, neutral, fear"
ACADEMIC,Assignments,practical work,"nervousness, annoyance, pride, curiosity, neutral, fear"
ACADEMIC,Exams,exam,"fear, nervousness, relief, pride, disappointment, sadness, joy"
ACADEMIC,Exams,test,"fear, nervousness, relief, pride, disappointment, sadness, joy"
ACADEMIC,Exams,midterm,"fear, nervousness, relief, pride, disappointment, sadness, joy"
ACADEMIC,Exams,final,"fear, nervousness, relief, pride, disappointment, sadness, joy"
ACADEMIC,Exams,grade,"fear, nervousness, relief, pride, disappointment, sadness, joy"
ACADEMIC,Exams,score,"fear, nervousness, relief, pride, disappointment, sadness, joy"
ACADEMIC,Exams,studying,"fear, nervousness, relief, pride, disappointment, sadness, joy"
ACADEMIC,Exams,GPA,"fear, nervousness, relief, pride, disappointment, sadness, joy"
ACADEMIC,Exams,failed,"fear, nervousness, relief, pride, disappointment, sadness, joy"
ACADEMIC,Exams,passed,"fear, nervousness, relief, pride, disappointment, sadness, joy"
ACADEMIC,Exams,marks,"fear, nervousness, relief, pride, disappointment, sadness, joy"
ACADEMIC,Exams,assessment,"fear, nervousness, relief, pride, disappointment, sadness, joy"
ACADEMIC,Exams,quiz,"fear, nervousness, relief, pride, disappointment, sadness, joy"
ACADEMIC,Exams,pop quiz,"fear, nervousness, relief, pride, disappointment, sadness, joy"
ACADEMIC,Exams,standardized test,"fear, nervousness, relief, pride, disappointment, sadness, joy"
ACADEMIC,Exams,oral exam,"fear, nervousness, relief, pride, disappointment, sadness, joy"
ACADEMIC,Exams,written exam,"fear, nervousness, relief, pride, disappointment, sadness, joy"
ACADEMIC,Exams,multiple-choice,"fear, nervousness, relief, pride, disappointment, sadness, joy"
ACADEMIC,Exams,essay exam,"fear, nervousness, relief, pride, disappointment, sadness, joy"
ACADEMIC,Exams,practical exam,"fear, nervousness, relief, pride, disappointment, sadness, joy"
ACADEMIC,Exams,mock exam,"fear, nervousness, relief, pride, disappointment, sadness, joy"
ACADEMIC,Exams,revision,"fear, nervousness, relief, pride, disappointment, sadness, joy"
ACADEMIC,Exams,exam stress,"fear, nervousness, relief, pride, disappointment, sadness, joy"
ACADEMIC,Exams,exam prep,"fear, nervousness, relief, pride, disappointment, sadness, joy"
ACADEMIC,Exams,time management,"fear, nervousness, relief, pride, disappointment, sadness, joy"
ACADEMIC,Exams,cheating,"fear, nervousness, relief, pride, disappointment, sadness, joy"
ACADEMIC,Exams,retake,"fear, nervousness, relief, pride, disappointment, sadness, joy"
ACADEMIC,Exams,curve grading,"fear, nervousness, relief, pride, disappointment, sadness, joy"
ACADEMIC,Exams,cumulative exam,"fear, nervousness, relief, pride, disappointment, sadness, joy"
ACADEMIC,Exams,performance evaluation,"fear, nervousness, relief, pride, disappointment, sadness, joy"
ACADEMIC,Exams,final project,"fear, nervousness, relief, pride, disappointment, sadness, joy"
ACADEMIC,Exams,evaluation,"fear, nervousness, relief, pride, disappointment, sadness, joy"
ACADEMIC,Exams,test anxiety,"fear, nervousness, relief, pride, disappointment, sadness, joy"
ACADEMIC,University/college,campus,"excitement, neutral, overwhelm, pride, nervousness, accomplishment, fear"
ACADEMIC,University/college,dorm,"excitement, neutral, overwhelm, pride, nervousness, accomplishment, fear"
ACADEMIC,University/college,professor,"excitement, neutral, overwhelm, pride, nervousness, accomplishment, fear"
ACADEMIC,University/college,major,"excitement, neutral, overwhelm, pride, nervousness, accomplishment, fear"
ACADEMIC,University/college,degree,"excitement, neutral, overwhelm, pride, nervousness, accomplishment, fear"
ACADEMIC,University/college,tuition,"excitement, neutral, overwhelm, pride, nervousness, accomplishment, fear"
ACADEMIC,University/college,lecture hall,"excitement, neutral, overwhelm, pride, nervousness, accomplishment, fear"
ACADEMIC,University/college,auditorium,"excitement, neutral, overwhelm, pride, nervousness, accomplishment, fear"
ACADEMIC,University/college,Bachelors,"excitement, neutral, overwhelm, pride, nervousness, accomplishment, fear"
ACADEMIC,University/college,Masters,"excitement, neutral, overwhelm, pride, nervousness, accomplishment, fear"
ACADEMIC,University/college,PhD,"excitement, neutral, overwhelm, pride, nervousness, accomplishment, fear"
ACADEMIC,University/college,thesis,"excitement, neutral, overwhelm, pride, nervousness, accomplishment, fear"
ACADEMIC,University/college,dissertation,"excitement, neutral, overwhelm, pride, nervousness, accomplishment, fear"
ACADEMIC,University/college,defense,"excitement, neutral, overwhelm, pride, nervousness, accomplishment, fear"
ACADEMIC,University/college,postgraduate,"excitement, neutral, overwhelm, pride, nervousness, accomplishment, fear"
ACADEMIC,University/college,advisor,"excitement, neutral, overwhelm, pride, nervousness, accomplishment, fear"
ACADEMIC,University/college,academic,"excitement, neutral, overwhelm, pride, nervousness, accomplishment, fear"
ACADEMIC,University/college,seminar,"excitement, neutral, overwhelm, pride, nervousness, accomplishment, fear"
ACADEMIC,University/college,workshop,"excitement, neutral, overwhelm, pride, nervousness, accomplishment, fear"
ACADEMIC,University/college,fraternity,"excitement, neutral, overwhelm, pride, nervousness, accomplishment, fear"
ACADEMIC,University/college,sorority,"excitement, neutral, overwhelm, pride, nervousness, accomplishment, fear"
ACADEMIC,University/college,campus life,"excitement, neutral, overwhelm, pride, nervousness, accomplishment, fear"
ACADEMIC,University/college,student union,"excitement, neutral, overwhelm, pride, nervousness, accomplishment, fear"
ACADEMIC,University/college,orientation,"excitement, neutral, overwhelm, pride, nervousness, accomplishment, fear"
ACADEMIC,University/college,campus tour,"excitement, neutral, overwhelm, pride, nervousness, accomplishment, fear"
ACADEMIC,University/college,college event,"excitement, neutral, overwhelm, pride, nervousness, accomplishment, fear"
ACADEMIC,University/college,scholarship,"excitement, neutral, overwhelm, pride, nervousness, accomplishment, fear"
ACADEMIC,University/college,financial aid,"excitement, neutral, overwhelm, pride, nervousness, accomplishment, fear"
ACADEMIC,University/college,registration,"excitement, neutral, overwhelm, pride, nervousness, accomplishment, fear"
ACADEMIC,University/college,credits,"excitement, neutral, overwhelm, pride, nervousness, accomplishment, fear"
ACADEMIC,University/college,elective,"excitement, neutral, overwhelm, pride, nervousness, accomplishment, fear"
ACADEMIC,University/college,compulsory course,"excitement, neutral, overwhelm, pride, nervousness, accomplishment, fear"
ACADEMIC,University/college,academic advisor,"excitement, neutral, overwhelm, pride, nervousness, accomplishment, fear"
ACADEMIC,University/college,graduate school,"excitement, neutral, overwhelm, pride, nervousness, accomplishment, fear"
ACADEMIC,University/college,faculty,"excitement, neutral, overwhelm, pride, nervousness, accomplishment, fear"
ACADEMIC,University/college,college,"excitement, neutral, overwhelm, pride, nervousness, accomplishment, fear"
ACADEMIC,Research,lab,"curiosity, neutral, nervousness, pride, confusion"
ACADEMIC,Research,experiment,"curiosity, neutral, nervousness, pride, confusion"
ACADEMIC,Research,paper,"curiosity, neutral, nervousness, pride, confusion"
ACADEMIC,Research,data,"curiosity, neutral, nervousness, pride, confusion"
ACADEMIC,Research,citation,"curiosity, neutral, nervousness, pride, confusion"
ACADEMIC,Research,publication,"curiosity, neutral, nervousness, pride, confusion"
ACADEMIC,Research,research,"curiosity, neutral, nervousness, pride, confusion"
ACADEMIC,Research,methodology,"curiosity, neutral, nervousness, pride, confusion"
ACADEMIC,Research,survey,"curiosity, neutral, nervousness, pride, confusion"
ACADEMIC,Research,analysis,"curiosity, neutral, nervousness, pride, confusion"
ACADEMIC,Research,dataset,"curiosity, neutral, nervousness, pride, confusion"
ACADEMIC,Research,findings,"curiosity, neutral, nervousness, pride, confusion"
ACADEMIC,Research,literature review,"curiosity, neutral, nervousness, pride, confusion"
ACADEMIC,Research,journal,"curiosity, neutral, nervousness, pride, confusion"
ACADEMIC,Research,conference,"curiosity, neutral, nervousness, pride, confusion"
ACADEMIC,Research,peer review,"curiosity, neutral, nervousness, pride, confusion"
ACADEMIC,Research,fieldwork,"curiosity, neutral, nervousness, pride, confusion"
ACADEMIC,Research,replication study,"curiosity, neutral, nervousness, pride, confusion"
ACADEMIC,Research,theoretical framework,"curiosity, neutral, nervousness, pride, confusion"
ACADEMIC,Research,hypothesis,"curiosity, neutral, nervousness, pride, confusion"
ACADEMIC,Research,qualitative study,"curiosity, neutral, nervousness, pride, confusion"
ACADEMIC,Research,quantitative study,"curiosity, neutral, nervousness, pride, confusion"
ACADEMIC,Research,case study,"curiosity, neutral, nervousness, pride, confusion"
ACADEMIC,Research,research proposal,"curiosity, neutral, nervousness, pride, confusion"
ACADEMIC,Research,experiment design,"curiosity, neutral, nervousness, pride, confusion"
ACADEMIC,Research,lab report,"curiosity, neutral, nervousness, pride, confusion"
ACADEMIC,Research,statistical analysis,"curiosity, neutral, nervousness, pride, confusion"
ACADEMIC,Research,research ethics,"curiosity, neutral, nervousness, pride, confusion"
ACADEMIC,Research,research assistant,"curiosity, neutral, nervousness, pride, confusion"
ACADEMIC,Research,research question,"curiosity, neutral, nervousness, pride, confusion"
ACADEMIC,Research,results,"curiosity, neutral, nervousness, pride, confusion"
ACADEMIC,Research,data collection,"curiosity, neutral, nervousness, pride, confusion"
ACADEMIC,Research,observation,"curiosity, neutral, nervousness, pride, confusion"
ACADEMIC,Research,experimentation,"curiosity, neutral, nervousness, pride, confusion"
